Position,Company,State
General Application,Kuala Lumpur,"SENIOR EXECUTIVE, FINANCE"
"SENIOR EXECUTIVE, FINANCE",OSK Property Holdings Berhad,Kuala Lumpur
HR & ADMIN OFFICER,HR & ADMIN OFFICER,Sension Engineering Sdn Bhd
Assistant Finance Manager,Johor Bahru,Assistant Finance Manager
Warehouse Supervisor,Wearnes Quest Sdn Bhd,Selangor
Administrative Executive (CONTRACT),Warehouse Supervisor,Hempel Manufacturing (Malaysia) Sdn Bhd
Customer Ops Specialist,Kluang,Administrative Executive (CONTRACT)
Quality Assurance Executive - (89500),Inter Great (M) Sdn Bhd,Bayan Lepas
"Executive, Finance (Accounting)",Customer Ops Specialist,Shell Business Operations Kuala Lumpur
"Executive, Marketing",Selangor,Quality Assurance Executive - (89500)
Web Application Support Manager,Nestlé Malaysia,Negeri Sembilan
Human Resources Executive,"Executive, Finance (Accounting)",Top Glove Corporation Berhad
EXECUTIVE (INFORMATION TECHNOLOGY DEPARTMENT),Selangor,"Executive, Marketing"
Purchasing Executive,Top Glove Corporation Berhad,Selangor
Administrative Executive,Web Application Support Manager,MOL ACCESSPORTAL SDN. BHD.
Human Resources & Admin Executive,Kuala Lumpur,Human Resources Executive
Procurement Executive,ECO MEDI GLOVE SDN. BHD.,Taiping
Internship for Computer/IT Students,EXECUTIVE (INFORMATION TECHNOLOGY DEPARTMENT),Perbadanan Bekalan Air Pulau Pinang Sdn Bhd
Admin Executive,Penang,Purchasing Executive
Admin Executive,Lam Soon Edible Oils Sdn Bhd,Selangor
Account Executive,Administrative Executive,China Communications Construction (ECRL) Sdn. Bhd.
Production Executive,Kuantan,Human Resources & Admin Executive
Production Executive,Retail 360 Sdn Bhd,Subang Jaya
HR cum Admin Executive,Procurement Executive,Ko Specialist Medical Centre
Project Coordinator (Contract),Klang/Port Klang,Internship for Computer/IT Students
"Technical Support Engineer/Executive (Klang Valley, Ipoh & Johor)",See Hoy Chan Management Services Sdn. Bhd.,Selangor
HR & ADMIN EXECUTIVE,Admin Executive,Khind Holdings Berhad
Warehouse Executive,Selangor,Admin Executive
Human Resource Officer,STAYFRESH HYGIENE SERVICES SDN BHD,Melaka
Purchasing Executive,Account Executive,Palmgold Corporate Services S/B
Special Officer to CEO (Personal Assistant),Selangor,Production Executive
HR/Payroll Executive,JA Solar Malaysia Sdn Bhd,Bayan Lepas
SHIPPING OFFICER,Production Executive,OTC Cosmetic Industries Sdn Bhd
Event Administrator,Selangor - Others,HR cum Admin Executive
Senior Executive IT,LYL Land Sdn Bhd,Petaling Jaya
Sourcing Executive,Project Coordinator (Contract),Global Enterprise International Malaysia Sdn Bhd (Member of Singtel Group)
Foreign Workers’ Dormitory Manager,Selangor,"Technical Support Engineer/Executive (Klang Valley, Ipoh & Johor)"
"Executive, R&D Analytical (API)",Innatech Communication Sdn Bhd,Selangor
QA Executive,HR & ADMIN EXECUTIVE,EVERSPARK INDUSTRIES SDN BHD
Admin Executive,Johor,Warehouse Executive
Senior E-commerce Assistant Merchandiser,BIOCEAN WOOD SDN. BHD.,Johor - Others
HR Executive,Human Resource Officer,UPP PULP & PAPER (M) SDN. BHD.
Materials Corrosion Engineer,Selangor - Others,Purchasing Executive
Software Developer (.NET),BIOCEAN WOOD SDN. BHD.,Johor - Others
ASSISTANT MANAGER / SENIOR EXECUTIVE  (APPLICATION) - INFORMATION TECHNOLOGY,Selangor,HR/Payroll Executive
Commercial Executive,Koong Woh Tong Sdn Bhd,Kuala Lumpur
Admin Executive (Fresh Grad Welcome | Global Company | Near LRT),SHIPPING OFFICER,M-Fischer Tech  Sdn Bhd
JUNIOR HR CUM ADMIN EXECUTIVE 人力资源行政部,Johor Bahru,Event Administrator
Admin Executive,Omniraise Sdn Bhd,Kuala Lumpur
Customer Service Representative,Senior Executive IT,Palmgold Corporate Services S/B
Executives - Sales Administration,Selangor,Sourcing Executive
"Executive, Service",GDT SDN. BHD.,Bukit Mertajam
Product Technologist - (87564),Foreign Workers’ Dormitory Manager,Inter Great (M) Sdn Bhd
Administrative Assistant,Bayan Lepas,"Executive, R&D Analytical (API)"
IT Programmer (MES),Oncogen Pharma (Malaysia) Sdn Bhd,Shah Alam/Subang
TRAINING MANAGER,QA Executive,Vinda Group SEA
Production Officer,Selangor,Admin Executive
QC Executive (Cosmetic),Petaling Jaya,Senior E-commerce Assistant Merchandiser
Audit Assistant,JD SPORTS FASHION SDN. BHD.,Kuala Lumpur
Order Processing Assistant,HR Executive,J&T Express (Malaysia) Sdn Bhd - Northern Selangor
Internship for Mobile App Developer (Web and Backend),Cheras,Materials Corrosion Engineer
Human Resource Junior Executive,Intecorr Consultancy,Shah Alam/Subang
Human Resources & Admin Manager,Software Developer (.NET),Repro Solution Sdn Bhd
Accounts Executive,Selangor,ASSISTANT MANAGER / SENIOR EXECUTIVE  (APPLICATION) - INFORMATION TECHNOLOGY
Financial Services Consultant (Penang),RCE Capital Berhad,Kuala Lumpur
Human Resources cum Admin Executive,Commercial Executive,Pengerang Terminals (Two) Sdn Bhd
"Executive, Service Support Operations | Infrastructure Technology Department",Kota Tinggi,Admin Executive (Fresh Grad Welcome | Global Company | Near LRT)
Management Trainee,TWY Search International (M) Sdn Bhd,Petaling Jaya
Controlling Executive (Accounting),JUNIOR HR CUM ADMIN EXECUTIVE 人力资源行政部,Pine Packaging (M) Sdn Bhd
IT Executive,Melaka - Others,Admin Executive
Planning Officer,Mi Equipment (M) Sdn. Bhd.,Bayan Lepas
Executive - Accounts,Customer Service Representative,Selangor
Customer Service Executive,Executives - Sales Administration,IOI Properties Group Berhad (Property Development)
Logistics Executive,Selangor,"Executive, Service"
AML & Compliance Executive,Sime Darby Holdings Berhad (Internal),Selangor
"EXECUTIVE, MEMBER SERVICES",Product Technologist - (87564),Nestlé Malaysia
Logistic Officer,Selangor,Administrative Assistant
Compensation & Benefits Specialist,CSM Consultant,Johor
Purchasing Executive,IT Programmer (MES),Western Digital
Assistant Logistic,Penang,TRAINING MANAGER
Personal Assistant,SANMINA-SCI SYSTEMS (MALAYSIA) SDN BHD,Penang
Accounts Assistant,Production Officer,Ye Chiu Non-Ferrous Metal (M) Sdn Bhd
Japanese speaking Customer Relations Executive Cum Medical Service Staff,Johor,QC Executive (Cosmetic)
Recruitment Consultant (Based in KL; Singapore Market),Ori Bionature (M) Sdn Bhd,Puchong
"Executive,Planning",Audit Assistant,Bispoint Tax Consultant Sdn Bhd
Human Resource Executive,Selangor,Order Processing Assistant
Client Administrator,Katrin BJ Sdn Bhd,Subang Jaya
Procurement Executives / Officers (Buyers),Subang Jaya,Human Resource Junior Executive
RESTAURANT MANAGEMENT TEAM - ASSISTANT RESTAURANT MANAGER,Hitachi Transport System (M) Sdn Bhd,Kajang/Bangi/Serdang
Marketing (Executive),Human Resources & Admin Manager,Retail 360 Sdn Bhd
ASSISTANT LOGISTICS WAREHOUSE MANAGER,Subang Jaya,Accounts Executive
"Executive, Marketing | 8286",Peri-dent Star Sdn Bhd,Nilai
Retail Planning Executive,Financial Services Consultant (Penang),CIMB Group
Admin Coordinator (Subcontractor),Penang,Human Resources cum Admin Executive
Secretarial Executive / Senior Secretarial Executive,KL INTERNATIONAL HEALTHCARE CENTRE SDN BHD,Kuala Lumpur
Admin Executive,"Executive, Service Support Operations | Infrastructure Technology Department",Bank Negara Malaysia
Customer Engagement Executive,Kuala Lumpur,Management Trainee
"Executive, Internal Audit",EURO POTENTIAL SDN BHD,Subang Jaya
Warehouse Operations Executive,Controlling Executive (Accounting),OSRAM (M) Sdn Bhd. – GSS Division
E-Commerce Customer Service Advisor (Contract),Penang,IT Executive
Leasing Administration Executive,FRD PERFORMANCE MOTORSPORT (M) SDN BHD,Penang
Data Entry Clerk,Planning Officer,Penang
Engineer,Executive - Accounts,PM Securities Sdn Bhd
ADMIN CLERK,Kuala Lumpur,Customer Service Executive
Admin Executive,Ko Specialist Medical Centre,Klang/Port Klang
Account Executive cum Admin Executive,Logistics Executive,Jie Communication Sdn Bhd (realme Malaysia）
Business Administrator,Petaling Jaya,AML & Compliance Executive
RECEPTIONIST,TNG Digital Sdn Bhd,Kuala Lumpur
Data Analyst 数据分析人员,"EXECUTIVE, MEMBER SERVICES",SGI Vacation Club Berhad (A member of OSK Group)
Production Planner,Kuala Lumpur,Logistic Officer
ACCOUNT EXECUTIVE,ADVANCED ASSEMBLY MATERIALS (M) SDN. BHD.,Johor - Others
"Senior Executive, Finance",Compensation & Benefits Specialist,SCHOTT Glass (M) Sdn Bhd
CONVEYANCING CLERK,Perai,Purchasing Executive
IT Executive 技术执行专员,Gabungan AQRS Berhad,Selangor
"Senior Executive, Project",Assistant Logistic,MMC MANUFACTURING MALAYSIA SDN BHD
Account Receivables-Assistant Manager,Pekan,Personal Assistant
IT Executive,AEON Co. (M) Bhd.,Kuala Lumpur
QA EXECUTIVE,Accounts Assistant,Kong Long Huat Chemicals Sdn Berhad
Retail CDD Analyst (Fresh Graduate),Kuala Lumpur,Japanese speaking Customer Relations Executive Cum Medical Service Staff
Internal Audit Executive,WELLBE MALAYSIA SDN. BHD.,Kuala Lumpur
Assistant Warehouse Manager,Recruitment Consultant (Based in KL; Singapore Market),Capita Pte Ltd - Healthcare
HUMAN RESOURCE SENIOR EXECUTIVE,"Executive,Planning",AEL Engineering Sdn Bhd
ADMINISTRATION ASSISTANT,Perak,Human Resource Executive
PROJECT ENGINEER,Armstrong Auto Parts Sdn Bhd,Penang
Customer Care Executive,Client Administrator,Valuedesign (Malaysia) Sdn Bhd
Account And Admin Executive,Kuala Lumpur,Procurement Executives / Officers (Buyers)
Guest Relations Officer / Executive (Front Office),ALL IT Hypermarket Sdn Bhd,Selangor
Project Admin,RESTAURANT MANAGEMENT TEAM - ASSISTANT RESTAURANT MANAGER,COSMO RESTAURANTS SDN BHD ( BURGER KING MALAYSIA)
GENERAL MANAGER,Johor,Kuala Lumpur
Accounts Payable-Assistant Manager,Negeri Sembilan,Selangor
Junior Executive Marketing,Marketing (Executive),Petaling Jaya
HR Assistant Section Manager,Shah Alam/Subang,"Executive, Marketing | 8286"
Contract Completions Officer,Sime Darby Holdings Berhad (Internal),Johor
Accounts Executive,Retail Planning Executive,Tesco Stores (Malaysia) Sdn Bhd
Project  Management Engineer ( LNG),Kuala Lumpur,Admin Coordinator (Subcontractor)
Network Security Engineer (Malaysian Only),SF METAL SDN BHD,Penang - Others
Logistic Executive,Secretarial Executive / Senior Secretarial Executive,Daman Corporate Services Sdn. Bhd.
"Executive, Demand and Supply Planner (LSCM)",Kuala Lumpur,Admin Executive
QC Lab Assistant,Jora Jobs,Sabah
Secretary,Customer Engagement Executive,MatchBox Exchange Pte. Ltd
Personal Assistant,Singapore,"Executive, Internal Audit"
COMPLIANCE OFFICER,Top Glove Corporation Berhad,Selangor
EKSEKUTIF SUMBER MANUSIA,Warehouse Operations Executive,Century Motolite Battery Sdn Bhd
Order Management Coordinator (Customer Service ),Semenyih,E-Commerce Customer Service Advisor (Contract)
Indoor Sales Coordinator,JD SPORTS FASHION SDN. BHD.,Kuala Lumpur
"Executive, Service",Leasing Administration Executive,EZT GROUP
Production Admin,Kuala Lumpur,Data Entry Clerk
Procurement Executive,CUCKOO INTERNATIONAL (MAL) SDN. BHD.,Kuala Lumpur
"Engineer, Research & Development",Engineer,Toshiba Transmission & Distribution Systems Asia Sdn Bhd
EXECUTIVE - MEMBERSHIP,Petaling Jaya,ADMIN CLERK
Human Resource Officer,Flows Ranger Sdn Bhd,Kuala Lumpur
MYS Citibank Berhad - Collections Officer - (20240427),Admin Executive,Jora Jobs
MYS Citibank Berhad - Collections Officer - (20240432),Kuala Lumpur,Account Executive cum Admin Executive
MYS Citibank Berhad - Collections Officer - (20240428),Tecsys Product Sdn Bhd,Selangor
MYS Citibank Berhad - Collections Officer - (20239226),Business Administrator,Yeahhost Sdn Bhd
MYS Citibank Berhad - Collections Officer - (20240433),Penang,RECEPTIONIST
MYS Citibank Berhad - Collections Officer - (20240430),Premier Clinic,Kuala Lumpur
Teachers,Data Analyst 数据分析人员,J&T EXPRESS (MALAYSIA) SDN. BHD.
Digital Marketing (B2B),Kuala Lumpur,Production Planner
Operation Executive (Precast - QS),Rubber Leisure Products Sdn Bhd,Melaka
Executive - Business Planning,ACCOUNT EXECUTIVE,COOPER CAPITAL SDN. BHD.
General Clerk,Kuala Lumpur,"Senior Executive, Finance"
Store Assistant,CompAsia Sdn Bhd,Petaling Jaya
Senior Buyer / Supply Chain Executive,CONVEYANCING CLERK,ROSENIDA AZLINA HAFIDZ & CO.
Business Development Executive,Kuantan,IT Executive 技术执行专员
MYS Citibank Berhad - Collections Officer - (20240429),AXIS RESOURCES,Selangor
"Assistant Manager, Finance","Senior Executive, Project",Tropicana Corporation Berhad
Accounting Executive- Kuala Lumpur,Selangor,Account Receivables-Assistant Manager
Logistic Assistant - 5-Day Work Week in Beranang,Electrolux Home Appliances S/B (Center of Excellence Asia Pacific (CoE APAC)),Selangor
Admin Clerk,IT Executive,Dytan Health On-line Sdn Bhd
Admin Clerk,Kuala Lumpur,QA EXECUTIVE
Sales Admin cum Accountant,ASIA POLY INDUSTRIAL SDN. BHD.,Klang/Port Klang
Internship for Computer/IT Students,Retail CDD Analyst (Fresh Graduate),RHB Banking Group
Accounts Assistant,Kuala Lumpur,Internal Audit Executive
Compounding Manager / Assistant Manager,Machines Sdn Bhd,Kuala Lumpur
Assistant Finance Manager,Selangor,HUMAN RESOURCE SENIOR EXECUTIVE
TV Planning & Sales Management,Teafe (M) Sdn Bhd,Kuala Lumpur
"Head, Data Analyst",ADMINISTRATION ASSISTANT,Malton Berhad
HR Administration Executive,Kuala Lumpur,PROJECT ENGINEER
HR & Admin Executive,RH Letrik Sdn. Bhd.,Selangor
Accounts Executive,Customer Care Executive,iCar Asia (Carlist.my)
Account Executive,Kuala Lumpur,Account And Admin Executive
Office Manager,Khai Lien Silk Screen Suppliers (M) Sdn Bhd,Selangor
Finance Operation Manager,Guest Relations Officer / Executive (Front Office),Park Avenue Hospitality
Client Relationship Manager,Project Admin,Archtron Research & Development Sdn Bhd
HUMAN RESOURCE EXECUTIVE,Puchong,GENERAL MANAGER
Project Manager (1 year contract),Greenpro Resources Group of Companies,Kuala Lumpur
Accounts Officer,Accounts Payable-Assistant Manager,Electrolux Home Appliances S/B (Center of Excellence Asia Pacific (CoE APAC))
Security Officer,Selangor,Junior Executive Marketing
Automation Engineer / Technician,Kossan Rubber Industries Berhad,Klang/Port Klang
HR Manager,HR Assistant Section Manager,Toray Plastics (M) Sdn Bhd
MYS Citibank Berhad - Collections Officer - (20240431),Penang,Contract Completions Officer
Internship for Computer/IT Students,PLANTATIONS PARTNERS GROUP SDN BHD,Kuala Lumpur
Management Executive,Accounts Executive,Daikin Applied (Malaysia) Sdn Bhd
E-Commerce Executive,Selangor,Project  Management Engineer ( LNG)
Assistant Engineer,Godell Group of Company,Selangor
Operations Manager,Network Security Engineer (Malaysian Only),CLL Systems Sdn Bhd
Project Engineer,Petaling Jaya,Logistic Executive
Senior Contract Executive,Senheng Electric (KL) Sdn Bhd,Klang/Port Klang
"Executive, Environmental Safety & Health - Glove Manufacturing","Executive, Demand and Supply Planner (LSCM)",Bridgestone Tyre Sales (M) Sdn Bhd
IT Support Executive,Selangor,QC Lab Assistant
HUMAN RESOURCE OFFICER,WEI TAT FEEDMILL SDN. BHD.,Klang/Port Klang
HR Executive (12 Months Contract),Secretary,Nirvana Asia Group
Customer Advocacy Specialist,Kuala Lumpur,Personal Assistant
Marketing/Admin Assistant,Kah Motor Company Sdn Bhd,George Town
Supervisor-Planning,COMPLIANCE OFFICER,Lima Bintang Logistics Sdn Bhd
Customer Service (After-Sales Executive:JB),Johor - Others,EKSEKUTIF SUMBER MANUSIA
Admin and Sales Coordinator,SSR / SSSB / TCR,Kuala Lumpur
Mechanical Engineer,Order Management Coordinator (Customer Service ),GN ReSound (Malaysia) Sdn Bhd
"Analyst, HR Services",Johor Bahru,Indoor Sales Coordinator
"EXECUTIVE, FINANCE",Seng Choon Hardware (M) Sdn Bhd,Shah Alam/Subang
HUMAN RESOURCES,"Executive, Service",Sime Darby Industrial
Administrative Executive,Selangor,Production Admin
Database Administrator,Econframe Marketing Sdn Bhd,Klang/Port Klang
Account manager,Procurement Executive,Sem Matic Sdn Bhd
Production Planner - Based in Beranang,Johor,"Engineer, Research & Development"
Personal Assistant to Director,Top Glove Corporation Berhad,Selangor
PRODUCT MANAGER,EXECUTIVE - MEMBERSHIP,Malaysian Institute of Accountants
Planner,Kuala Lumpur,MYS Citibank Berhad - Collections Officer - (20240427)
Customer Service,Butterworth,Kuala Lumpur
"Senior Associate, CRM & Operation",Citigroup Malaysia,Citigroup Malaysia
Administrative Executive – Shah Alam,MYS Citibank Berhad - Collections Officer - (20240432),MYS Citibank Berhad - Collections Officer - (20240428)
HR Business Partner,Kuala Lumpur,Kuala Lumpur
Plantation Administrator /Admin Manager,Citigroup Malaysia,Citigroup Malaysia
Key Account Executive,MYS Citibank Berhad - Collections Officer - (20239226),MYS Citibank Berhad - Collections Officer - (20240433)
GENERAL CLERK,Kuala Lumpur,Kuala Lumpur
Mobile Application Developer,Citigroup Malaysia,Citigroup Malaysia
SALES COORDINATOR,MYS Citibank Berhad - Collections Officer - (20240430),Teachers
Mechanical Engineer,Kuala Lumpur,Digital Marketing (B2B)
Finance cum Admin Senior Executive,Singapore International School of Bangkok,Kajang/Bangi/Serdang
Customer Care Executive,Neolife International Sdn Bhd,G & W Building Materials Sdn Bhd
Senior HR & Admin Executive,Operation Executive (Precast - QS),Executive - Business Planning
Internship for Computer/IT Students,Johor Bahru,Selangor
ACCOUNT EXECUTIVE,Taylor's University,Seon Lim (M) Sdn Bhd
Assistant Manager - Warehouse (Sepang),General Clerk,Store Assistant
Expeditor - Mechanical Packages,Perak,Selangor
Customer Service Executive,MA HUP SENG ENGINEERING SDN BHD,SIHI Pumps (Malaysia) Sdn Bhd
Marketing Executive,Senior Buyer / Supply Chain Executive,Business Development Executive
Project Co-ordinator,Kajang/Bangi/Serdang,Ipoh
Senior Sales Executive (Medical Aesthetics),PALAQUIN (M) SDN BHD,Citigroup Malaysia
Accountant,MYS Citibank Berhad - Collections Officer - (20240429),"Assistant Manager, Finance"
PLANNER,Kuala Lumpur,Kuala Lumpur
Executive - Proposal,TNG Digital Sdn Bhd,Web Multisoft International Sdn Bhd
Human Resources Clerk,Accounting Executive- Kuala Lumpur,Logistic Assistant - 5-Day Work Week in Beranang
Production Supervisor (Night Shift),Kuala Lumpur,Selangor
Clinic Assistant (Front Desk),Linkk Busway Systems (M) Sdn Bhd,WM ENGINEERING CONSTRUCTION SDN. BHD.
Warehouse Coordinator,Admin Clerk,Admin Clerk
Marketing Executive,Johor Bahru,Sabah
Project Manager,Jora Jobs,Brownland
Business Analyst,Sales Admin cum Accountant,Internship for Computer/IT Students
Administrative Assistant,Kuala Lumpur,Kuala Lumpur
Sales Coordinator,MOL ACCESSPORTAL SDN. BHD,Kaisar Maxim Sdn Bhd
Sales & Marketing Executive,Accounts Assistant,Compounding Manager / Assistant Manager
"Manager, Operations (KL East Mall)",Kuala Lumpur,Klang/Port Klang
Senior Admin - Program Management/Customer Management,Ideal Quality Sdn Bhd,MHL Industries (Malaysia) Sdn Bhd
FASHION MERCHANDISER (CHINA MARKET),Assistant Finance Manager,TV Planning & Sales Management
Senior Account Executive/ Account Executive,Johor Bahru,Kuala Lumpur
E-Commerce Executive,WOWSHOP SDN BHD,WOWSHOP SDN BHD
Customer Service Executive,"Head, Data Analyst",HR Administration Executive
Senior Account Executive cum PA,Kuala Lumpur,Kuala Lumpur
Accounts Executive,9 HEALTH SDN BHD,Selangor
ACCOUNT EXECUTIVE / JUNIOR ACCOUNT EXECUTIVE,HR & Admin Executive,Account Executive
Supervisor - Customer Relationship Management (HOVP),Selangor,Penang - Others
APPLICATION PROJECT EXECUTIVE,Siang Pharmacy Sdn Bhd,Splendid Floriculture Sdn Bhd
"Executive, Research & Development",Office Manager,Finance Operation Manager
Operation Executive -Freight Fowarding,Cameron Highlands,Kuala Lumpur
Operation/Admin/Marketing Assistant,Sportopia Limited,Malaysia Expatriate Services Centre Sdn Bhd
Executive - Safety & Health Management,Client Relationship Manager,HUMAN RESOURCE EXECUTIVE
PURCHASING MANAGER,Selangor,Sarawak
Account Assistant,Press Metal Bintulu Sdn Bhd,Zurich Life Insurance Malaysia Berhad
Regulatory Affairs Executive,Project Manager (1 year contract),Accounts Officer
Production Operator,Kuala Lumpur,Shah Alam/Subang
Administration and Compliance Executive,Scania (Malaysia) Sdn Bhd,Robert Bosch Power Tools Sdn Bhd
Senior Accounts Assistant,Security Officer,Automation Engineer / Technician
Online Marketing Assistant,Penang,Petaling Jaya
Senior Executive -  Credit Control,MYM Technology (M) Sdn Bhd,J&T EXPRESS (MALAYSIA) SDN. BHD. - Johor
Project Engineer工程师 (Electrical),HR Manager,MYS Citibank Berhad - Collections Officer - (20240431)
Digital Marketing Executive,Johor,Kuala Lumpur
HR Staff Specialist Talent Network (12 Months Contract),Citigroup Malaysia,KUMPULAN PERANGSANG SELANGOR BERHAD
Admin Officer,Internship for Computer/IT Students,Management Executive
Microsoft Dynamic 365 Executive,Selangor,Selangor
Business Office Assistant,Thong Thye Siang Sdn Bhd,Dibea Malaysia Sdn. Bhd.
Accounts & HR Executive,E-Commerce Executive,Assistant Engineer
Internship for Media/Art Students,Johor,Melaka - Others
Warehouse Officer,Perunding Sinar,New Foo Hing Tobacco Sdn Bhd
Junior Engineer,Operations Manager,Project Engineer
HRSS EDM Team Leader,Selangor,Subang Jaya
HR Executive,Mamee-Double Decker (M) Sdn Bhd,Senior Contract Executive
EXECUTIVE - TREATMENT (KLANG),Melaka,Kuala Lumpur
Sales & Marketing Manager (Based in KL),Kerjaya Prospek (M) Sdn Bhd,Mah Sing Group Berhad
Personal Assistant 私人助理,"Executive, Environmental Safety & Health - Glove Manufacturing",IT Support Executive
Warehouse & Storekeeper,Kuala Lumpur,Selangor
Import Export Executive 进出口执行人员,ONE XOX SDN BHD,RM LEOPAD SDN BHD
Storekeeper - Warehouse,HUMAN RESOURCE OFFICER,HR Executive (12 Months Contract)
Admin Executive (行政员),Kuala Lumpur,Selangor
"Sales Representative/ Sales Executive (Kota Bharu, Kelantan)",Carlsberg Brewery Malaysia Bhd,Zurich Life Insurance Malaysia Berhad
Senior Retail Associate / Retail Associate,Customer Advocacy Specialist,Marketing/Admin Assistant
Admin Customer Service Coordinator,Kuala Lumpur,Kuala Lumpur
Client Services Executive,Damai Potensi Sdn Bhd (Pintar College),S.A NETWORKS TECHNICAL INDUSTRIES SDN BHD
Account cum Admin Exceutive,Supervisor-Planning,Customer Service (After-Sales Executive:JB)
Product Information Management Specialist,Shah Alam/Subang,Johor Bahru
Customer Service Executive,Asia Plantation Capital Berhad,IFME Works Pte Ltd
Office Administration Executive,Admin and Sales Coordinator,PERUNDING ISD SDN BHD
EXECUTIVE - CSR & PUBLIC AFFAIRS,Mechanical Engineer,"Analyst, HR Services"
Receptionist Cum Admin,Subang Jaya,HUMAN RESOURCES
Secretary cum Director Assistant,Kuala Lumpur,Cameron Highlands
QA Analyst,Kuala Lumpur,Fast Track Sdn Bhd
Recruiter,YBS AGRO PREMIERE SDN BHD,Database Administrator
Operations Engineer,Administrative Executive,Kuala Lumpur
F&B Operation Manager,Gelugor,Sportopia Limited
ADMIN EXECUTIVE cum SECRETARY,Hong Leong Bank Berhad,Production Planner - Based in Beranang
HR EXECUTIVE,Account manager,Selangor
CHEMIST,Kuala Lumpur,Aircomaster Sdn Bhd
Executive - Campus Central,Hume Concrete Sdn Bhd,PRODUCT MANAGER
Junior R&D Executive,Personal Assistant to Director,Petaling Jaya
Business Development Executive,Kajang/Bangi/Serdang,M.A.C Technology (M) Sdn. Bhd.
HR Specialist - Employee Services,HoePharma Holdings Sdn. Bhd.,Customer Service
O2C Specialist,Planner,Bukit Mertajam
Sr. Executive - Accounts Receivable,Seremban,TNG Digital Sdn Bhd
Machine Operator,Wah Seng Industry Sdn. Bhd.,Administrative Executive – Shah Alam
Marketing Executive,"Senior Associate, CRM & Operation",Shah Alam/Subang
Project Management and Customer Service Executive,Kuala Lumpur,Allianz Malaysia Berhad
Contracts Administrator,Agensi Pekerjaan AN Asia Sdn Bhd,Plantation Administrator /Admin Manager
"[OCC] ASSISTANT MANAGER, RESEARCH AND DEVELOPMENT",HR Business Partner,Tawau
General Clerk (Batu Pahat),Kuala Lumpur,KGIC Advertising
Application Support Consultant (Fresh or Experienced),Teck Guan Group,Ampang
Sales Admin Executive,Key Account Executive,Kajang/Bangi/Serdang
Teaching & Learning Officer,Kuala Lumpur,Puchong
System Analyst,Cheras,GENERAL CLERK
Boutique Manager / Assistant Boutique Manager,Petaling Jaya,Johor - Others
"Executive, Accounts",Subang Jaya,Rocketsview Management Sdn Bhd
"[OCC] ASSISTANT MANAGER, QAQC",TRADING COMPANY,SALES COORDINATOR
Product Specialist (Kuching),Mobile Application Developer,Alor Gajah
Category Manager (Home & Living),Kuala Lumpur,JINJING TECHNOLOGY MALAYSIA SDN. BHD.
Warranty Clerk | 8288,Sunta Manufacturing Sdn Bhd,Finance cum Admin Senior Executive
Finance and Account Executive,Mechanical Engineer,Petaling Jaya
"Manager, Finance",Kulim,SK Networks Retails Malaysia Sdn Bhd
"Head of Talent Acquisition, APAC",MAXALL SDN. BHD.,Senior HR & Admin Executive
Credit Control Executive,Customer Care Executive,Kuala Lumpur
Customer Service Executive,Kuala Lumpur,Allianz Malaysia Berhad (Allianz Life Insurance Malaysia / 	Allianz General Insurance Company)
Accounts Assistant,AGB Builders Sdn Bhd,ACCOUNT EXECUTIVE
Admin Clerical,Internship for Computer/IT Students,Johor Bahru
Senior Purchasing Executive,Kuala Lumpur,Hartalega NGC Sdn Bhd
Accounts Receivable Analyst (Open to Fresh Graduate),OLT BEVERAGES SDN BHD,Expeditor - Mechanical Packages
General Clerk,Assistant Manager - Warehouse (Sepang),Kuala Lumpur
Project Management cum Business Development Executive,Selangor,MoneySmart Singapore
Android APK Engineer (Malaysia),T7 GLOBAL BERHAD,The Big Rajah Food Caterers Sdn Bhd
Programmer Analyst III,Customer Service Executive,Project Co-ordinator
Digital Marketing Executive,Marketing Executive,Singapore
"Executive, Data Centre Management Analyst | Infrastructure Technology Department",Petaling Jaya,BTL Aesthetics Malaysia
Marketing Executive,Hanako Construction Pte Ltd,PLANNER
Business Development Executive,Senior Sales Executive (Medical Aesthetics),Klang/Port Klang
Chief Financial Officer,Selangor,Trisystems Engineering Sdn Bhd
HRSS Tier 2 Customer Advocate,Cyberjaya,Human Resources Clerk
Admin Executive,ASIA POLY INDUSTRIAL SDN. BHD.,Ipoh
Assistant Manager - Warehouse (Bestari Jaya),Executive - Proposal,ELANTAS MALAYSIA SDN. BHD.
Franchise Executive,Shah Alam/Subang,Clinic Assistant (Front Desk)
Warehouse Executive 货仓执行员,Khai Seng Packaging Industries Sdn Bhd,Kuala Lumpur
Record To Report-Assistant Manager,Production Supervisor (Night Shift),Fosroc Sdn Bhd
Process Technician,Selangor,Marketing Executive
Assistant Manager (Customer Relations Management),TONIK ASIA GROUP SDN BHD,Kuala Lumpur
Project Manager,Warehouse Coordinator,Austar Co. Ltd.
Internship for Human Resource Management Students,Selangor,Business Analyst
Sales & Marketing Assistant,Orbix Education Sdn Bhd,Kuala Lumpur
Quality Assurance Executive,Project Manager,MLM Smart Resources Sdn Bhd / Monarch Wellness Sdn Bhd
Information Technology (I.T.),Kuala Lumpur,Sales Coordinator
Customer Service – English Support | Bangsar South,Tentacle Tech,Puchong
Financial Controller,Administrative Assistant,Syarikat Nam Ah Sdn Bhd
Retail Fashion Associate-THE SPRING KUCHING,Kuala Lumpur,"Manager, Operations (KL East Mall)"
Admin Executive 行政专员,LAILA FABRIK SDN. BHD.,Petaling Jaya
Product Manager,Sales & Marketing Executive,Plexus Manufacturing Sdn Bhd
ACCOUNTANT,Ipoh,FASHION MERCHANDISER (CHINA MARKET)
Planning Executive,Sime Darby Property Berhad,Kajang/Bangi/Serdang
IT Compliance Analyst,Senior Admin - Program Management/Customer Management,OVELCORP SOLUTIONS SDN BHD
Production Shift Operator,Bayan Lepas,E-Commerce Executive
MARKETING EXECUTIVE,NJY APPAREL SDN BHD,Rawang
ACCOUNT Cum HR EXECUTIVE,Senior Account Executive/ Account Executive,UIS TECHNOLOGIES SDN BHD
People Analytics Specialist - (86953),Johor Bahru,Senior Account Executive cum PA
ICT Executive,Pacific West Foods (M) Sdn. Bhd.,Kuala Lumpur
ACCOUNT EXECUTIVE,Customer Service Executive,SYARIKAT YOONG ONN SDN BHD
Marketing Manager,Perai,ACCOUNT EXECUTIVE / JUNIOR ACCOUNT EXECUTIVE
Internship for Business Studies/Administration Students,Sterling Land Development Sdn Bhd,Supervisor - Customer Relationship Management (HOVP)
Mechanical Engineer,Accounts Executive,Selangor
IT Executive,Selangor - Others,BOSS SOLUTIONS SDN BHD
"Executive, Sustainability (Corporate Communications)",Petaling Jaya,Puchong
Quality Assurance Executive,MKH Berhad,Mamee-Double Decker (M) Sdn Bhd
Tenancy Administration Officer/Executive,APPLICATION PROJECT EXECUTIVE,Operation Executive -Freight Fowarding
Sustainability Analyst,Johor Bahru,Shah Alam/Subang
Accounts Assistant / Officer,"Executive, Research & Development",Saujana Erat Sdn Bhd
System Administrator,Shah Alam/Subang,Executive - Safety & Health Management
System Administrator,Yunda Express Sdn Bhd,Pahang
IT Recruiter,Operation/Admin/Marketing Assistant,HI-ESSENCE CABLE SDN BHD
HR Executive,Kuala Lumpur,Account Assistant
Admin cum Account Executive,Genting Malaysia Berhad,Kuala Lumpur
Tenancy & Leasing Executive,PURCHASING MANAGER,Production Operator
Administrative Officer - Global Road Safety Partnership,Puchong,Kajang/Bangi/Serdang
Sales Manager,PCCO Management Services Sdn Bhd,DHL eCommerce (Malaysia) Sdn Bhd
Customer Relations,Johor - Others,Senior Accounts Assistant
Homologation Specialist,KENT SOON PACKAGING SDN BHD (Kent Soon Recycle Center Sdn Bhd),Penang
Reservoir Engineering Advisor,Administration and Compliance Executive,Makefamous Creative Hub Sdn Bhd
Maintenance Technician - Based in Beranang,Selangor,Senior Executive -  Credit Control
Production Executive,Noblecare Corporate House Sdn Bhd,Kuala Lumpur
Finance Executive,Online Marketing Assistant,Regal Elite Letrik Sdn Bhd
Account Executive,Kuala Lumpur,Digital Marketing Executive
Campaign Analyst RPA(Robotic Process Automation) -HTC Global services-Malaysia,Lee Hishammuddin Allen & Gledhill,Petaling Jaya
Social Media and Content Executive (Mandarin Speaking),Project Engineer工程师 (Electrical),Infineon Technologies (Kulim) Sdn Bhd
Customer Service,Johor Bahru,Admin Officer
Sales Incentive Compensation Analyst (Contract),Chiropractic First (M'sia) Sdn Bhd,Penang
Assistant Marketing Manager (Melaka),HR Staff Specialist Talent Network (12 Months Contract),EAST ASIA PALM PRODUCTS SDN BHD
Account & Admin Assistant,Kedah,Business Office Assistant
Online Sales Marketing Executive,Wilpack Food Services Sdn Bhd,Kuala Lumpur
Engineer,Microsoft Dynamic 365 Executive,Basic Health & Beauty Sdn. Bhd.
Project Site Supervisor,Kuching,Internship for Media/Art Students
Credit Associate (Contract Basis),CARDIAC VASCULAR SENTRAL (KUALA LUMPUR) SDN. BHD.,Kuala Lumpur
Part Timer - IKEA Food,Accounts & HR Executive,Toray Plastics (M) Sdn Bhd
Business Support Executive,Kuala Lumpur,Junior Engineer
Marketing Executive,Bonia Corporation Berhad,Kuala Lumpur
Senior Logistics Executive,Warehouse Officer,AIG Shared Services (M) Sdn Bhd
ABA Therapist cum Shadow Aide,Penang,HR Executive
Maintenance Supervisor,ST Tech Engineering Sdn Bhd,Kajang/Bangi/Serdang
Security Analyst (e-Security),HRSS EDM Team Leader,Indah Water Konsortium Sdn. Bhd.
Field Application and Service Engineer,Puchong,Sales & Marketing Manager (Based in KL)
WAREHOUSE SUPERVISOR,TTL SALES & RENTAL SDN BHD,Kuala Lumpur
IT Technician,EXECUTIVE - TREATMENT (KLANG),THEVIKO INTERNATIONAL SDN BHD
ADMIN EXECUTIVE CUM PERSONAL ASSISTANT TO MD,Selangor,Warehouse & Storekeeper
"Engineer,QA",CONTINENTAL HOPE MALAYSIA INDUSTRIAL DEVELOPMENT SDN. BHD.,Selangor
Internship for Human Resources Management & Business Administration Students,Personal Assistant 私人助理,CENTRAL VISTA (M) SDN. BHD.
Customer Relationship Specialist,Kuala Lumpur,Storekeeper - Warehouse
Assistant Supply Chain Officer,Crystalace Deco Sdn.Bhd,Selangor
Supplier Quality Engineer,Import Export Executive 进出口执行人员,H.  J. Unkel (M) Sdn Bhd
Shipping Coordinator cum Customer Service,Johor Bahru,"Sales Representative/ Sales Executive (Kota Bharu, Kelantan)"
Collection Officer (Penang Hub),Hartalega NGC Sdn Bhd,Kelantan
Plant Engineering Manager,Admin Executive (行政员),Pandora
System Engineer - IT Infra Ops (Linux),Shah Alam/Subang,Kedah
"Executive, Industrial Relations & Employee Relations",Daikin Malaysia Sales & Service Sdn. Bhd.,Kelantan
Business Development Executive,Senior Retail Associate / Retail Associate,Negeri Sembilan
Marketing & Operation Supervisor,Johor,Pahang
Logistic Executive - Freight Forwarding,Kuala Lumpur,Sabah
PMO Manager,Melaka,Sarawak
Account Assistant,Penang,Putrajaya
Shipping Executive (Manufacturing - 5 Working Days),Perak,dormakaba Malaysia Sdn Bhd
BUSINESS DEVELOPMENT EXECUTIVE,Selangor,Client Services Executive
[OCC] PRODUCTION ENGINEER,Terengganu,Labuan
R & D Engineer - Reliability (Testing),Admin Customer Service Coordinator,Vodapruf Sdn Bhd
Electrical Engineer,Subang Jaya,Customer Service Executive
Internship for Business Studies/Administration Students,ITA Asia Limited,Kuala Lumpur
Finance Assistant Manager/ Manager,Account cum Admin Exceutive,Agroscience Industry Sdn Bhd
Quality Engineer,Johor,EXECUTIVE - CSR & PUBLIC AFFAIRS
Account Relationship Manager,Puchong,Kuala Lumpur
MARKETING EXECUTIVE,Floristika.Com.My Sdn Bhd,Boustead Ikano Sdn Bhd
Guru (Teacher),Office Administration Executive,Secretary cum Director Assistant
ASSISTANT BRANCH MANAGER,Kuala Lumpur,Butterworth
Lecturer in Accounting,Magnum 4D Berhad,Configura Pacific Sdn Bhd
Marketing Executive,Receptionist Cum Admin,Recruiter
Construction Manager,Kuala Lumpur,Kuala Lumpur
Shop Manager - Malacca,LLH SOLUTIONS SDN BHD,Pengerang Terminals (Two) Sdn Bhd
Shipping Executive,QA Analyst,F&B Operation Manager
Visual Merchandiser,Kuala Lumpur,Kuala Lumpur
Digital Marketer,Omniraise Sdn Bhd,Jora Jobs
Safety & Health Officer,Operations Engineer,HR EXECUTIVE
Admin cum Customs Specialist,Kota Tinggi,Melaka
Service Management Center Agent,Vinsoon Shoe Trading Sdn Bhd,ASIA POLY INDUSTRIAL SDN. BHD.
Senior Manager- Engineering,ADMIN EXECUTIVE cum SECRETARY,Executive - Campus Central
Waiter & Waitress & Kitchen,Johor,Selangor
Account Clerk,MELILEA (M) SDN BHD,Sri Nona Food Industries Sdn Bhd
Site Supervisor,CHEMIST,Business Development Executive
Product Marketing Executive,Klang/Port Klang,Kuala Lumpur
Project Engineer,Taylor's University,Infineon Technologies (Malaysia) Sdn Bhd
Functional Compliance Officer (FCO),Junior R&D Executive,O2C Specialist
"Mould Fabricator/Filter – Based in Beranang, Kajang",Selangor,Kuala Lumpur
"General Manager, Plant Operations",SRG Asia Pacific Sdn. Bhd.,QL Maxincome Sdn Bhd (FamilyMart)
Sales Executive/Trainee,HR Specialist - Employee Services,Machine Operator
"Engineer, Infrastructure (Server)",Melaka,Johor Bahru
Sales / Business Management Intern,SKYLINK PACIFIC SOLUTIONS SDN. BHD.,Engtex Ductile Iron Pipe Industry Sdn Bhd
Project Administrator,Sr. Executive - Accounts Receivable,Project Management and Customer Service Executive
Confidential / Personal Secretary,Selangor,Contracts Administrator
Project Manager,Tomypak Flexible Packaging Sdn Bhd,Selangor
Market Planner,Marketing Executive,Olympic Cable Company Sdn. Bhd.
Senior Buyer - Retail Industry,Selangor,General Clerk (Batu Pahat)
Account Assistant,WORLD MARKETING GROUP PTE LTD,Batu Pahat
Quarry Supervisor,Gabungan AQRS Berhad,UNIT4 Asia Pacific Pte Ltd
Account Executive,"[OCC] ASSISTANT MANAGER, RESEARCH AND DEVELOPMENT",Sales Admin Executive
QA Engineer,Melaka,Penang
Customer Service Representative,Jasmine Food (Johor Bahru) Sdn Bhd,University of Reading Malaysia (JB)
Staff Financial Analyst,Application Support Consultant (Fresh or Experienced),System Analyst
Human Resource Manager,Kuala Lumpur,Shah Alam/Subang
SALES OFFICER,Sea Master Food Sdn Bhd,Pandora
Robotics Engineer - Sales,Teaching & Learning Officer,Kedah
Payroll Analyst,Johor,Kelantan
Customer Service Exec/Asst Mgr.,Big Pharmacy Healthcare Sdn  Bhd,Negeri Sembilan
Sales & Business Development Officer ( Sabah ),Boutique Manager / Assistant Boutique Manager,Pahang
HEAD OF INFORMATION TECHNOLOGY - ASSISTANT GENERAL MANAGER,Johor,Sabah
BUSINESS DEVELOPMENT ASSISTANT,Kuala Lumpur,Sarawak
IT Business Analyst - Assistant Manager,Melaka,Putrajaya
Medical Representative,Penang,"[OCC] ASSISTANT MANAGER, QAQC"
Personal Assistant (Based in Cheras Jaya),Perak,Melaka
Sales Admin,Selangor,Delfi Marketing Sdn Bhd
"Executive, Supply Chain Operations",Terengganu,Category Manager (Home & Living)
Human Resource Specialist (1 year contract),Kuala Lumpur,Kuala Lumpur
LIQUIDATION EXECUTIVE,Olympic Cable Company Sdn. Bhd.,Sime Darby Holdings Berhad (Internal)
Inbound Telesales Executive,Product Specialist (Kuching),Finance and Account Executive
Sales Executive,Kuching,Kuala Lumpur
Sales & Business Development Officer  (Johor Bharu ),WOWSHOP SDN BHD,Top Glove Corporation Berhad
HEALTHCARE INFORMATION TECHNOLOGY (HIT) PROJECT MANAGER,Warranty Clerk | 8288,"Head of Talent Acquisition, APAC"
Senior Executive,Selangor,Shah Alam/Subang
Food Processing Technician,CARDIAC VASCULAR SENTRAL (KUALA LUMPUR) SDN. BHD.,Tropicana Golf & Country Resort
Application Engineer,"Manager, Finance",Customer Service Executive
Medical Rep,Selangor,Kuala Lumpur
Shipping Executive /Logistic Executive (49030) - TK,Donaldson Filtration (Malaysia) Sdn. Bhd.,CTOS Data Systems Sdn Bhd
PRODUCTION CLERK,Credit Control Executive,Admin Clerical
Presales Specialist (Northern) - Penang,Selangor,George Town
Senior Analyst - People Data & Reporting,Ferrari Hecny Logistics (M) Sdn Bhd,Gabungan AQRS Berhad
Internship for Business Studies/Administration Students,Accounts Assistant,Accounts Receivable Analyst (Open to Fresh Graduate)
Data Engineer - Digital COE Team,Kuala Lumpur,General Clerk
Sales & Business Development Officer (Sarawak),Lim Huck Aik & Co.,Penang
Credit Analyst,Senior Purchasing Executive,UPSI HOLDINGS SDN BHD
Internship for Computer/IT Students,Selangor,Android APK Engineer (Malaysia)
Product Consultant,Subang Jaya,Programmer Analyst III
TECHNICIAN - FIRE PROTECTION SYSTEM,NanoGrind Technologies Sdn Bhd,Penang
Logistics/Traffic Executive,Project Management cum Business Development Executive,COOL JUICERY SDN. BHD.
Depot Operator,Perak - Others,"Executive, Data Centre Management Analyst | Infrastructure Technology Department"
Sales Associate,Realtek Singapore Private Limited,Kuala Lumpur
Customer Relationship and Marketing Manager,Jabil Sdn Bhd (Global Business Center),Lactaequip (M) Sdn Bhd
Online Executive,Digital Marketing Executive,Business Development Executive
"Executive, IT",Kuala Lumpur,Ampang
Associate Business Consultant,Bank Negara Malaysia,Petaling Jaya
Supply Chain Management Senior Executive,Marketing Executive,Shah Alam/Subang
Project manager,Petaling Jaya,Chief Financial Officer
Manager - Human Resources (IR & ER),Aircomaster Sdn Bhd,HRSS Tier 2 Customer Advocate
Digital Marketing Specialist,Cyberjaya,Puchong
CUSTOMER SERVICE REPRESENTATIVE,Puchong,Enerise Motor Sdn Bhd
Finance Manager,Subang Jaya,Assistant Manager - Warehouse (Bestari Jaya)
AGM Services Executive,Ampang,Selangor
Product/Process Engineer,AIG Shared Services (M) Sdn Bhd,7-Eleven Malaysia Sdn Bhd
Specialist Production Logistics Planner,Admin Executive,Warehouse Executive 货仓执行员
Account Cum Admin Executive,Subang Jaya,Selangor
Warehouse Operation & Logistic Manager,Hartalega NGC Sdn Bhd,Electrolux Home Appliances S/B (Center of Excellence Asia Pacific (CoE APAC))
Part Timer - Logistic,Franchise Executive,Process Technician
"Manager, Recruitment & Resourcing",Kuala Lumpur,Selangor
Personal Assistant,Jora Jobs,Project Manager
Project Site Manager,Record To Report-Assistant Manager,Kuala Lumpur
SUPERVISOR,Selangor,Ace Resource Advisory Services Sdn Bhd
Program Manager,KLK OLEO,Sales & Marketing Assistant
Digital Strategist,Kuala Lumpur,Selangor
MIS CLERK,TNG Digital Sdn Bhd,DSG (MALAYSIA) SDN BHD
Accounts Executive,Internship for Human Resource Management Students,Information Technology (I.T.)
PURCHASING ASSISTANT,Kuala Lumpur,Kuala Lumpur
QUALITY INSPECTOR,Star Rolling Shutter Sdn. Bhd.,Sutherland
Service Engineer,Quality Assurance Executive,Financial Controller
"EXECUTIVE, PAYROLL",Selangor - Others,Petaling Jaya
E-Commerce Operations Assistant,ExxonMobil Malaysia,HLA  GARMENT (SINGAPORE) PTE. LTD.
Executive Assistant,Customer Service – English Support | Bangsar South,Admin Executive 行政专员
Account Assistant,Kuala Lumpur,Puchong
Sales Service & Support Coordinator (Order Management),Hume Concrete Sdn Bhd,Austar Co. Ltd.
PURCHASING EXECUTIVE,Retail Fashion Associate-THE SPRING KUCHING,ACCOUNTANT
Production Designer – Kedah,Kuching,Selangor
Mandarin Teacher cum Teaching Assistant,THE EVENT-CHANNEL (M) SDN. BHD.,Agensi Pekerjaan Adecco Personnel Sdn Bhd
Customer Care Executive,Product Manager,IT Compliance Analyst
Project Manager,Kuala Lumpur,Selangor
BUSINESS DEVELOPMENT MANAGER (MERCHANDISING),ELANTAS MALAYSIA SDN. BHD.,ELANTAS MALAYSIA SDN. BHD.
Officer - Marketing,Planning Executive,MARKETING EXECUTIVE
Digital Marketing Intern,Kedah,Selangor
Immediate Hiring- Executive - Technical Support -  Fresh graduate welcome,Public Bank Berhad,Stardex Trading Sdn Bhd
Senior Project Management Engineer,Production Shift Operator,People Analytics Specialist - (86953)
Content Review Management (Kazakh),Selangor,Selangor
FORWARDING EXECUTIVE,FERTITRADE (M) SDN. BHD.,Sapura Thales Electronics Sdn Bhd
Digital Marketing Manager,ACCOUNT Cum HR EXECUTIVE,ACCOUNT EXECUTIVE
Product Executive (West Malaysia),Kajang/Bangi/Serdang,Johor Bahru
Secretary to Chairman,Nestlé Malaysia,Pantech Steel Industries Sdn Bhd
Senior Executive (IT & Innovation),ICT Executive,Internship for Business Studies/Administration Students
Butler,Kuala Lumpur,Selangor
Strategy & Planning Executive,JB GIFT & SOUVENIR (M) SDN BHD,Agensi Pekerjaan Adecco Personnel Sdn Bhd
Senior Business Analyst,Marketing Manager,IT Executive
IMMEDIATE HIRING!! Customer Service Exec (Cyberjaya - Fresh Graduate/Exp),Klang/Port Klang,Penang
Site Supervisor,Dutch Lady Milk Industries Berhad (FrieslandCampina),Top Glove Corporation Berhad
Admin Clerk,Mechanical Engineer,Quality Assurance Executive
Sales Marketing Executive,Penang,Selangor
Procurement Executive (Global Shared Services) - Contract basis,Boon Siew Honda Sdn Bhd.,IOI City Mall Sdn Bhd
Personal Assistant,"Executive, Sustainability (Corporate Communications)",Sustainability Analyst
Accounts Executive,Selangor,Kuala Lumpur
Education officer,Jora Jobs,Johor Bahru
Account Clerk,Tenancy Administration Officer/Executive,Nurraysa Global Sdn Bhd
QA/Product Development Executive,Selangor,IT Recruiter
Genomics Business Associate,Synergio Global Sdn Bhd,Kajang/Bangi/Serdang
Content Review Executive (Near LRT) - China/ HK market - KM122,Accounts Assistant / Officer,Evyap Sabun Malaysia Sdn Bhd
Sr. Analyst Programmer,System Administrator,Admin cum Account Executive
"Full Time Lecturer, School of Postgraduate Studies",Kuantan,Kuala Lumpur
HR Executive,Kuantan,Tokio Marine Life Insurance Malaysia Bhd
ACCOUNTS AND ADMIN. EXECUTIVE (PENANG),Elabram Systems Sdn Bhd,Administrative Officer - Global Road Safety Partnership
Site HR & Admin Assistant,HR Executive,Kuala Lumpur
SOURCING & COSTING EXECUTIVE,Johor Bahru,Marks & Spencer
Graduate Trainee (Degree),Hibari Clinic,Customer Relations
Financial Consultant,Tenancy & Leasing Executive,Homologation Specialist
Finance Executive,Kuala Lumpur,Selangor
TESTING EXECUTIVE (MIST),International Federation of Red Cross & Red Crescent Societies,PETROS
"Executive, Central Monitoring Unit",Sales Manager,Maintenance Technician - Based in Beranang
Real Time Floor Management (English Language Support),Selangor,Selangor
Sales Admin Executive (Penang),Shah Alam/Subang,Uchida MK Sdn Bhd
"Warehouse & Logistics Supervisor, Driver, Packer, Warehouse Assistant",Continental Tyre PJ (M) Sdn Bhd,Finance Executive
Product Strategy Executive,Reservoir Engineering Advisor,Selangor
R '& D RF Sustaining Engineering Intern,Sarawak,Quick & Sure Express Sdn Bhd
Safety Coordinator,Hume Concrete Sdn Bhd,Campaign Analyst RPA(Robotic Process Automation) -HTC Global services-Malaysia
SALES ASSISTANT,Production Executive,Kuala Lumpur
Logistic Executive,Shah Alam/Subang,PipBox Events Sdn Bhd
Equity Analyst,STOREHUB SDN BHD,Customer Service
Group Strategic Purchasing / Procurement & Vendor Development,Account Executive,Shah Alam/Subang
Admin Clerk/Warehouse admin,Klang/Port Klang,Keysight Technologies Malaysia Sdn. Bhd.
Senior Executive - Investor Relations,HTC Global Services MSC Sdn Bhd,Assistant Marketing Manager (Melaka)
MARKETING ASSISTANT,Social Media and Content Executive (Mandarin Speaking),Melaka
Sales and Marketing Executive,Selangor,Ink Marketing Sdn Bhd
Customer Service Representative (Good Benefits | Kota Kinabalu),Tsubaki Power Transmission (Malaysia) Sdn Bhd,Online Sales Marketing Executive
Technician,Sales Incentive Compensation Analyst (Contract),Kuala Lumpur
Customer Service Officer (Forwarding/Shipping Line)-  5 Working Days,Penang,Limtech Engineering & Construction
Business Development Executive / Account Manager,Knight Frank Malaysia Sdn Bhd,Project Site Supervisor
Junior/Senior E-commerce Key Account Executive,Account & Admin Assistant,Miri
Recruitment,Kuala Lumpur,United Overseas Bank (Malaysia) Bhd
Sales Executive,SVO GROUP BERHAD,Part Timer - IKEA Food
Sales & Marketing Executive,Engineer,Kuala Lumpur
MARKETING EXECUTIVE CUM CO-ORDINATOR,Klang/Port Klang,Manulife Insurance Berhad
Internship for Sciences Students,SHANGHAI ELECTRIC POWER T&D (M) SDN. BHD.,Marketing Executive
SUPPLY CHAIN/PURCHASING/PLANNING/LOGISTIC/ [EXEC/MANAGER],Credit Associate (Contract Basis),Johor Bahru
Sales Advisor,Kuala Lumpur,Marks & Spencer
Marketing Executive,IKANO HANDEL SDN BHD ( IKEA Cheras),ABA Therapist cum Shadow Aide
Sales Admin Executive (Property),Business Support Executive,Kuala Lumpur
Accounts Assistant - Invoicing (based in Cyberjaya),Kuala Lumpur,Alor Gajah
Digital Marketing Executive,Camou Studio & Academy Sdn Bhd,Field Application and Service Engineer
VIDEO GRAPHER,Senior Logistics Executive,WAREHOUSE SUPERVISOR
Quality Control Executive,Selangor,Kuantan
Dealer Relationship Executive (Northern Region),SP Autism Behavioral Center Sdn Bhd,Lypometal Sdn Bhd
"Executive, 3PL Warehouse Operations",Maintenance Supervisor,ADMIN EXECUTIVE CUM PERSONAL ASSISTANT TO MD
QA/QC (FAI) Technician,Selangor,Selangor
OSS Solution Architect,Esmo Asia Pte Ltd,AEL Engineering Sdn Bhd
Assistant Controlling Manager,PENG HING REFRIGERATION & AIR-COND WORKS SDN. BHD.,Internship for Human Resources Management & Business Administration Students
CLEANER CLUBHOUSE SEKATA APARTMENT,IT Technician,Bayan Lepas
Sales co-ordinator,Kedah,Jumix Sdn Bhd
Operation Manager (Manufacturing),MCM Petcare (M) Sdn Bhd,Assistant Supply Chain Officer
"Operations & Sales Executive (Johor Bahru, Puchong and Jalan Pudu, KL)","Engineer,QA",Kuala Lumpur
Quality Assurance Engineer,Perak - Others,KMWE Malaysia Sdn Bhd
Customer Service Executive (Contract),RIGHT PRISTINE MANPRO SDN BHD,Shipping Coordinator cum Customer Service
Senior Account Executive/Manager,Customer Relationship Specialist,Klang/Port Klang
Customer Relations Executive (5 Bonuses Payout Yearly),Bayan Lepas,OCBC Bank (Malaysia) Berhad
Honor Retail Executive,Hong Kong Sa Sa (M) Sdn Bhd,Plant Engineering Manager
Accounts Executive/ Assistant,Supplier Quality Engineer,Klang/Port Klang
SITE ENGINEER,Penang,Seagate Global Business Services (M) Sdn Bhd
Application Support Engineer,Oleon (Asia Pacific) Sdn.Bhd,"Executive, Industrial Relations & Employee Relations"
HR Business Partner (Assistant Manager),Collection Officer (Penang Hub),Klang/Port Klang
Personal Assistant,George Town,UNITAR International University
Digital Marketing Associate,Ideal Quality Sdn Bhd,Marketing & Operation Supervisor
Product Owner,System Engineer - IT Infra Ops (Linux),Puchong
Mobile Technical Lead,Bayan Lepas,Elite International Logistic (M) Sdn Bhd
Customer Service cum Indoor Sales Coordinator,Ideal Quality Sdn Bhd,PMO Manager
Customer Service cum Indoor Sales Coordinator,Business Development Executive,Petaling Jaya
Purchasing Senior Executive (Manufacturing),Petaling Jaya,ShiunMotor Sdn Bhd
Supply Chain Engineer,SHUYI CULTURE INTERNATIONAL SDN. BHD.,Shipping Executive (Manufacturing - 5 Working Days)
Human Resource Executive,Logistic Executive - Freight Forwarding,Melaka
MECHANICAL &  ELECTRICAL DRAFTPERSON,Klang/Port Klang,ONE XOX SDN BHD
Corporate Finance Manager,ZCHWANTECH SDN. BHD.,[OCC] PRODUCTION ENGINEER
Business Development Executive,Account Assistant,Melaka
HR Manager - Nilai,Selangor - Others,Daikin Research & Development Malaysia Sdn Bhd
Senior Associate - Campaign & Digital Marketing - (J093809),Agensi Pekerjaan & Perundingcara Bright Prospect Sdn Bhd,Electrical Engineer
Digital Marketing Executive,BUSINESS DEVELOPMENT EXECUTIVE,Kulim
Quantity Surveyor,Selangor,KUMPULAN PERANGSANG SELANGOR BERHAD
Hospitality,Olympic Cable Company Sdn. Bhd.,Finance Assistant Manager/ Manager
Network Specialist,R & D Engineer - Reliability (Testing),Klang/Port Klang
"SENIOR EXECUTIVE, PLANNING & DEVELOPMENT (BERTAM)",Selangor,CTI International (Malaysia) Sdn Bhd
Associate Program Manager,JINJING TECHNOLOGY MALAYSIA SDN. BHD.,Account Relationship Manager
QUANTITY SURVEYOR,Internship for Business Studies/Administration Students,Petaling Jaya
Customer Service Engineer,Selangor,FLAVOR INN CORPORATION SDN. BHD.
Admin Executive,Agromaster Fertilizer Sdn Bhd,ASSISTANT BRANCH MANAGER
FACTORY MANAGER,Quality Engineer,Johor
SALES ADMIN CLERK,Johor Bahru,Kuala Lumpur
M & E PROJECT ENGINEER,Credit Bureau Malaysia Sdn Bhd,Negeri Sembilan
Sales Officer,MARKETING EXECUTIVE,Pahang
Costing Executive,Selangor,Kota Kinabalu
Factory Manager,Selangor,Lecturer in Accounting
Quality Control Supervisor,99 Speed Mart Sdn Bhd,Johor
Warehouse Manager,Kedah - Others,MY AGED CARE SDN BHD
Coating Technician,Melaka,Construction Manager
Project Executive,Penang - Others,Shop Manager - Malacca
Content Review Analyst (Multilanguage),Perak,Melaka
Marketing Executive,Selangor,Shipping Executive
HR Services Associate - Payroll,University of Reading Malaysia (JB),Nilai
FRESH GRADUATE - Customer Service Specialist- Up to RM 3500 (Bangsar),Marketing Executive,WOWSHOP SDN BHD
Injection Molding Engineer,Petaling Jaya,Digital Marketer
Finance Analyst (Compliance and Reporting),Selangor,George Town
WAREHOUSE SUPERVISOR,Amway (Malaysia) Sdn Bhd,C.S.YAP METALPARTS INDUSTRIES SDN. BHD.
Change Manager,Selangor,Admin cum Customs Specialist
Production Manager,Berjaya Steel Product Sdn Bhd,Penang
Accounts Executive,Visual Merchandiser,Diebold Nixdorf
Account Assistant,Kuala Lumpur,Senior Manager- Engineering
Accountant (based in Indonesia),Aubella (MM2H) Sdn Bhd,Selangor
Assistant HR Manager (Hostel Management),Safety & Health Officer,SUSHI TRAIN (MALAYSIA) SDN. BHD.
Customer Service Coordinator,Klang/Port Klang,Account Clerk
SALES EXECUTIVE,Indium Corporation (Malaysia) Sdn Bhd,Kota Kinabalu
Product Executive,Service Management Center Agent,Modular Scale Sdn Bhd
Merchandising Executive - Trade Marketing,Kuala Lumpur,Selangor
"Manager, Industrial Relations",Hartalega  Sdn Bhd,i-Serve Group of Companies
Production Supervisor,Waiter & Waitress & Kitchen,Project Engineer
Site Supervisor,Kuala Lumpur,Penang
Sales & Marketing Executive,Sabah International Dairies Sdn Bhd,Bank Pertanian Malaysia Berhad (Agrobank)
Talent Management Marketing Crew,Site Supervisor,"Mould Fabricator/Filter – Based in Beranang, Kajang"
E-commerce Executive (Customer Store Development Executive),Kuala Lumpur,Semenyih
Production Control Planner,Product Marketing Executive,Alphasearch Pte Ltd
Customer Service Officer,Kuala Lumpur,KBS GLOBAL SDN. BHD.
Business Development Coordinator,Furutec Electrical Sdn Bhd,Penang
Senior Project Manager (1 year contract),Functional Compliance Officer (FCO),Kuantan
Junior Telesales Representative,Kuala Lumpur,Terengganu
MARKETING CUM ADMIN EXECUTIVE ( KLANG ),Hume Concrete Sdn Bhd,Macro Kiosk Berhad
Human Resource Executive,"General Manager, Plant Operations",Sales / Business Management Intern
Senior Operation Executive,Sales Executive/Trainee,Subang Jaya
Product Specialist,Kelantan,Mactex Sdn Bhd
Internship for Business Studies/Administration Students,Kedah,Confidential / Personal Secretary
Business Development Executive,Perlis,Project Manager
Nurse- Clinic Assistant,"Engineer, Infrastructure (Server)",Market Planner
Secretary cum Admin 秘书与行政,Kuala Lumpur,Selangor
Practical Training,Sales Connection - Good Works Technology Sdn Bhd,WOWSHOP SDN BHD
Office Admin Intern,Project Administrator,Account Assistant
Marketing Executive,Petaling Jaya,Selangor
Digital Marketing Executive,Johor Bahru,Account Executive
"Relationship Manager, AmSignature Priority Banking (Kota Bharu)",Selangor,Puchong
Contracts Manager,Continental Tyre PJ (M) Sdn Bhd,LLH SOLUTIONS SDN BHD
ME Engineer (Bayan Lepas),Senior Buyer - Retail Industry,Customer Service Representative
Internship for Computer/IT Students,Kuala Lumpur,Kuala Lumpur
F&B Management Trainee - Gross Salary $2.4k - $3k X 30,MA HUP SENG ENGINEERING SDN BHD,Lumileds Malaysia Sdn Bhd
Digital Marketer,Tapah,Human Resource Manager
Segment Marketing Specialist - Data Centre,Empire Sushi Sdn Bhd,George Town
Regulatory Affairs Executive,QA Engineer,IOI Properties Group Berhad
"Accounts Assistants, Audit  Assistants",Butterworth,Robotics Engineer - Sales
E-Commerce & Website Manager,CWG MARKETS SDN. BHD.,Johor Bahru
Mobile Technical Lead,Staff Financial Analyst,Motorola Solutions Malaysia Sdn Bhd
Accounts Executive,Penang,Customer Service Exec/Asst Mgr.
Area Sales Manager,Kah Motor Company Sdn Bhd,Selangor
Site Engineer,SALES OFFICER,CTOS Data Systems Sdn Bhd
Graphic Design Executive,Johor,Tawau
Competent Engineer,Cybersolution Technologies Sdn Bhd,RCE Capital Berhad
Unix Technical Support Analysts (Contractual Employment),Payroll Analyst,BUSINESS DEVELOPMENT ASSISTANT
Sales Team Supervisor,Penang,Selangor
General Manager - Civil Construction,Pantos Logistics Malaysia Sdn Bhd,Tokio Marine Life Insurance Malaysia Bhd
Customer Service Executive,Sales & Business Development Officer ( Sabah ),Medical Representative
Walk In Interview-Operator & Technician,Sandakan,Kuala Lumpur
Technician,HEAD OF INFORMATION TECHNOLOGY - ASSISTANT GENERAL MANAGER,J&T Express (Malaysia) Sdn Bhd - Northern Selangor
QC Executive,Kuala Lumpur,Sales Admin
ACCOUNT ASSISTANT,ONE XOX SDN BHD,Kuala Lumpur
Senior Business Intelligence Analyst,IT Business Analyst - Assistant Manager,Kelly Services (Malaysia) Sdn Bhd
HR Executive (Based in KL),Kuala Lumpur,Human Resource Specialist (1 year contract)
Corporate Account Executive,EP Plus Group,Kuala Lumpur
Safety Coordinator (Construction),Personal Assistant (Based in Cheras Jaya),Wong Weng Foo & Co
Internship for Engineering Students,Cheras,Inbound Telesales Executive
QA OFFICER / EXECUTIVE,Kenting Development Sdn Bhd,Kuala Lumpur
Project Launch Manager,"Executive, Supply Chain Operations",TSM Welding Technology Sdn Bhd
Senior Petroleum Engineer,Kuala Lumpur,Sales & Business Development Officer  (Johor Bharu )
Quality Assurance Executive,OCBC Bank (Malaysia) Berhad,Johor
Lecturer/Associate Professor in Real Estate Economics (Finance),LIQUIDATION EXECUTIVE,UM SPECIALIST CENTRE SDN. BHD.
Corporate Strategy Sr Executive,Kuala Lumpur,Senior Executive
Internship for Sales & Marketing Students,SRG Asia Pacific Sdn. Bhd.,Kuala Lumpur
Human Resource Manager,Sales Executive,Seadling Sdn Bhd
Marketing Executive (KL),Selangor,Application Engineer
Quality Assurance Executive,CTOS Data Systems Sdn Bhd,Medical Rep
Recruitment Consultant (Based in KL; Basic + Attractive Incentives),HEALTHCARE INFORMATION TECHNOLOGY (HIT) PROJECT MANAGER,Petaling Jaya
Safety Executive,Petaling Jaya,Agensi Pekerjaan Reeracoen Malaysia Sdn Bhd
ONLINE MARKETER,SalesWorks,PRODUCTION CLERK
Android APK Engineer (Malaysia),Food Processing Technician,Semenyih
Business Consultant,Kota Kinabalu,Senior Analyst - People Data & Reporting
Capex Accountant (12 months contract),Sime Darby Holdings Berhad (Internal),Kuala Lumpur
HR Executive (Recruitment),Norefal (Mktg) Sdn Bhd,Energy Platform Sdn Bhd
Senior Marketing Executive,Shipping Executive /Logistic Executive (49030) - TK,Data Engineer - Digital COE Team
Customer Service Coordinator,Selangor,Sales & Business Development Officer (Sarawak)
Customer Service Specialist,Spices & Seasonings Specialities Sdn Bhd,Bintulu
Chemical Information Specialist,Penang,Credit Analyst
Application Testing Executive,CBRE ASIA PACIFIC BUSINESS SERVICES SDN BHD,Alor Gajah
CORPORATE SERVICES ASSISTANT,Internship for Business Studies/Administration Students,Sonepar South East Asia Sdn Bhd
Sales Executive,Kuala Lumpur,Product Consultant
Digital Marketing Executive,UST Global (M) Sdn Bhd,Puchong
PERSONAL ASSISTANT,CTOS Data Systems Sdn Bhd,EXCEL FIRE ENGINEERING SDN BHD
General Clerk,Miri,Logistics/Traffic Executive
Sales Executive,Maxeon Solar Technologies (SunPower Malaysia Manufacturing Sdn. Bhd.),Penang
Fraud Specialist,Internship for Computer/IT Students,Dindings Poultry Processing Sdn. Bhd.
Warehouse Assistant Section Head,Selangor,Sales Associate
Warehouse Supervisor,Cleanpro Laundry Holdings Sdn. Bhd.,Selangor
General Clerk,TECHNICIAN - FIRE PROTECTION SYSTEM,Omniconnect Worldwide Sdn. Bhd.
Electrical Engineer,Selangor,Online Executive
Accounts cum Admin Executive,Dynacraft Industries Sdn Bhd,Petaling Jaya
Business Analyst – Billing and Reporting,Depot Operator,HICOM HBPO SDN BHD
Income Auditor,Klang/Port Klang,Associate Business Consultant
Account Executive,PVH Commercial Malaysia Sdn. Bhd.,Selangor
Assistant Operations Manager,Customer Relationship and Marketing Manager,WOWSHOP SDN BHD
Management Trainee,Selangor,Project manager
"Indoor Sales Coordinator 销售助理 - Prai, Penang",Lactaequip (M) Sdn Bhd,Kuala Lumpur
Customer Service Executive,"Executive, IT",LF Logistics Services (M) Sdn Bhd
Order Management Specialist,Shah Alam/Subang,Digital Marketing Specialist
NUTRITIONIST/DIETITIAN INTERN,Hitachi Digital Host Sdn. Bhd.,Kuala Lumpur
Warehouse Assistant Manager,Supply Chain Management Senior Executive,Magnum 4D Berhad
SALES EXECUTIVE,Kuala Lumpur,Finance Manager
Personal Assistant / Executive Assistant to CEO,Sportopia Limited,Selangor
Internship for digital marketing content writer,Manager - Human Resources (IR & ER),Tricor Corporate Services
DIGITAL MARKETING EXECUTIVE,Selangor,Product/Process Engineer
Engineering Change Coordinator,EP Plus Group,Selangor - Others
Workplace Manager,CUSTOMER SERVICE REPRESENTATIVE,Infineon Technologies (Malaysia) Sdn Bhd
Warehouse Executive,Kuala Lumpur,Account Cum Admin Executive
Senior Accounts Executive,Guardian Health And Beauty Sdn. Bhd.,Petaling Jaya
Internet Technology,AGM Services Executive,HSH Frozen Foods Sdn Bhd
Social Promoter (Greater China Support),Kuala Lumpur,Part Timer - Logistic
Kitchen Helper,WATERCO ENGINEERING SDN BHD,Kuala Lumpur
Operations Executive,Specialist Production Logistics Planner,Selangor
"Executive, Corporate Sales (Based in Selangor, Johor Bahru, Kuantan)",Melaka,GHL Systems Berhad
PACKING SUPERVISOR,Malaysian Association of Money Services Business,SUPERVISOR
"Executive, Marketing | 8286",Warehouse Operation & Logistic Manager,Johor - Others
Service Advisor*,Selangor,Finisar Malaysia Sdn Bhd
Building Manager,IKANO HANDEL SDN BHD ( IKEA Cheras),Digital Strategist
Network Management Executive (Medical Provider),"Manager, Recruitment & Resourcing",Kuala Lumpur
Senior Field Development Officer,Personal Assistant,Givi Asia Sdn Bhd
Outlet Supervisor,Kuala Lumpur,Accounts Executive
Associate EHS Specialist (based at Melaka),Puchong,Selangor
SENIOR WRITER,TRADING COMPANY,ELT Solutions Sdn Bhd
"Medical Representative, Pharmaceutical (Penang)",Program Manager,QUALITY INSPECTOR
Senior Sales & Marketing Manager,Ipoh,Selangor - Others
Internship for Sales & Marketing Students,In2 Marketing & Consulting Sdn Bhd,Mactex Sdn Bhd
Scrum Master,MIS CLERK,"EXECUTIVE, PAYROLL"
Quantity Surveyor,Selangor,Selangor
Sales Admin Cum Coordinator,Vmall Enterprise Sdn Bhd,KEMO e-Marketing
Receptionist cum Customer Service,PURCHASING ASSISTANT,Executive Assistant
Format Manager,Muar,Petaling Jaya
SALES EXECUTIVE,K.K. Metal Processing Sdn Bhd,Ascen Plus Pharmacy Sdn Bhd
SMT ENGINEER,Service Engineer,Sales Service & Support Coordinator (Order Management)
ASSISTANT PROJECT MANAGER,Petaling Jaya,Selangor
Store Supervisor,Thai Odyssey Group,Unibase Pre-cast Sdn Bhd
HR CUM ADMIN EXECUTIVE,E-Commerce Operations Assistant,Production Designer – Kedah
"Asst. Manager/ Manager, Corporate Secretary (ICSA)",Kuala Lumpur,Kulim
Finance Manager,CompAsia Sdn Bhd,Belle & Russell Kindergarten
Marketing Genius,Account Assistant,Customer Care Executive
"AVP, Financial Crime Supervision",Petaling Jaya,Penang
Customer Service Executive,Sulzer Pumps Wastewater Malaysia Sdn Bhd,Bintulu
Feasibility Manager,PURCHASING EXECUTIVE,Kuala Lumpur
SENIOR CONSULTANT / PROJECT LEAD (ERP),Johor - Others,AEON Co. (M) Bhd.
Human Resource Manager,Agensi Pekerjaan AN Asia Sdn Bhd,Officer - Marketing
Advertising Sales Executive,Mandarin Teacher cum Teaching Assistant,Selangor
QA Executive,Petaling Jaya,Pluto Communications Sdn Bhd
Business Consultant,KVC Industrial Supplies Sdn Bhd,Immediate Hiring- Executive - Technical Support -  Fresh graduate welcome
Barista (Caltex USJ 16),Kajang/Bangi/Serdang,Johor
Injection Moulding Technician,Project Manager,Kuala Lumpur
Accounts Executive,BUSINESS DEVELOPMENT MANAGER (MERCHANDISING),Melaka
"Assistant Vice President, Risk Management",Kuala Lumpur,Selangor
Admin,Hartalega  Sdn Bhd,Labuan
Theme Park Crew,Digital Marketing Intern,MI AUTOBOTICS SDN. BHD.
Welfare Officer (Hostel Management),Petaling Jaya,Content Review Management (Kazakh)
Sales cum Marketing Executive,Startek,Kuala Lumpur
QA Executive,Kedah,Jora Jobs
Process Control Application Engineer,Kelantan,Digital Marketing Manager
HR Assistant,Negeri Sembilan,Product Executive (West Malaysia)
GL & Reporting Accountant,Terengganu,Selangor
"[OCC] ASSISTANT MANAGER, MAINTENANCE / SERVICE (MANUFACTURING INDUSTRY)",Senior Project Management Engineer,Technology Park Malaysia Corporation Sdn Bhd
E-Commerce Operations Executive,Penang - Others,Senior Executive (IT & Innovation)
Kid`s Coach/Kindergarten Teacher  in Japan,Concentrix Inc,Kuala Lumpur
Admin Executive,FORWARDING EXECUTIVE,Coway (Malaysia) Sdn Bhd
Sales Executive,Selangor,Senior Business Analyst
Drafter,Kuala Lumpur,Kuala Lumpur
Fitter - Engineering (Water Treatment Plant),UNILIFE SDN BHD,timesconsult
"Finance Manager, Financial Planning & Analysis (FP&A)",Secretary to Chairman,Putrajaya
"Investment Performance Operations Analyst, Sr. Analyst",Kuala Lumpur,S. K. Wawasan Sdn Bhd
Executive - Corporate Real Estate Services,GS1 Malaysia Berhad,Admin Clerk
Personal Assistant,Strategy & Planning Executive,Bukit Mertajam
Sourcing Engineer / Procurement Engineer / Technical Buyer,Kuala Lumpur,Qosmo International School
GENERAL CUM ADMIN EXECUTIVE,WOWSHOP SDN BHD,Procurement Executive (Global Shared Services) - Contract basis
Telemarketing Executive,IMMEDIATE HIRING!! Customer Service Exec (Cyberjaya - Fresh Graduate/Exp),George Town
Assistant Maintenance Engineer,Selangor,KINTRY SDN. BHD.
Application Specialist,Site Supervisor,Accounts Executive
Site Supervisor (Architecture),Kuala Lumpur,Kuala Lumpur
Web Application Support Manager,V6 Technology Sdn. Bhd.,A2G Music Centre Pte Ltd
Data Analyst,Sales Marketing Executive,S T Auto (KL) Sdn Bhd
Full time English teacher Cum Marketer,Petaling Jaya,QA/Product Development Executive
Sales Admin Executive,OSRAM (M) Sdn Bhd. – GSS Division,Perak - Others
Chief Engineer (Data Center Operations Engineer),Personal Assistant,ScienceVision Sdn Bhd
M&E Inspector of Works (IOW),Cheras,Selangor
Fit-Out Executive,Genting Berhad,Kuala Lumpur
Administrative Assistant/Executive,Education officer,Sr. Analyst Programmer
ASSISTANT MANAGER CORPORATE SECRETARIAL,Account Clerk,Kuala Lumpur
Chemical Engineer,Kuala Lumpur,PSB Academy Pte Ltd
Business Development Intern,Pagoda Foods (Malaysia) Sdn Bhd,Press Metal Aluminium Rods Sdn Bhd
Senior Contracts Administrator,Genomics Business Associate,ACCOUNTS AND ADMIN. EXECUTIVE (PENANG)
HR Executive (Payroll & Generalist) @ US MNC - YC122,Kuala Lumpur,George Town
Account Assistant- Account Receivable,Content Review Executive (Near LRT) - China/ HK market - KM122,T7 GLOBAL BERHAD
CORPORATE  ASSISTANT,Selangor,SOURCING & COSTING EXECUTIVE
Executive of Environmental (SUKE),Sunrider International (Malaysia) Sdn Bhd,Bayan Lepas
Senior Executive - Learning & Talent,"Full Time Lecturer, School of Postgraduate Studies",Infineon Technologies (Kulim) Sdn Bhd
"Sales Executive (High Basic, Commission & Incentives)",HR Executive,Financial Consultant
"INTERNSHIP, MARKETING",Johor Bahru,Selangor
Senior Account Executive (资深会计）,"ALJEFFRIDEAN PLT, PRAI OFFICE",IP CORE SDN. BHD.
TECHNICIAN (SAFETY & HEALTH),Site HR & Admin Assistant,TESTING EXECUTIVE (MIST)
IT Business Analyst (ERP),Mersing,Shah Alam/Subang
Admin Trainee,Pentamaster Corporation Berhad,Kelly Services (Malaysia) Sdn Bhd
"Product Specialist, Medical Sales (Klang Valley)",Graduate Trainee (Degree),Real Time Floor Management (English Language Support)
Mechanical Draughtsperson,Kulim,Kuala Lumpur
SAFETY & HEALTH OFFICER (GREEN BOOK),BIG VENTURE CAPITAL,FRD PERFORMANCE MOTORSPORT (M) SDN BHD
On-site Quality Inspector (Internship),Finance Executive,"Warehouse & Logistics Supervisor, Driver, Packer, Warehouse Assistant"
Business Development Executive,Melaka,Kuala Lumpur
ACCOUNTANT,SIRIM QAS International Sdn Bhd,Coway (Malaysia) Sdn Bhd
Store Manager,"Executive, Central Monitoring Unit",Safety Coordinator
Project Manager,Kuala Lumpur,SALES ASSISTANT
Internship for Engineering Students,Scicom (MSC) Berhad,Selangor
Service Engineer,Sales Admin Executive (Penang),CLEAR EDGE CAPITAL
