,Position,Company,State
0,Sr Executive Administration,Teleperformance Malaysia Sdn Bhd,Penang
1,Admin Executive,AUTOFIN ASSOCIATES (JOHORE) SDN. BHD.,Johor Bahru
2,Admin Executive,Samsung SDS Malaysia Sdn Bhd,Kuala Lumpur
3,Farm Operations Manager,Splendid Floriculture Sdn Bhd,Cameron Highlands
4,Admin Executive,Lian Hua Seng Group of Companies,Sarawak
5,HR Cum Admin Executive,Medicare Assistance Sdn Bhd,Selangor
6,ENGINEER (NPI/ PRODUCTION/ PROCESS),Amphenol TCS (Malaysia) Sdn Bhd,Penang
7,Senior Accounts Executive,L H B Timber Sdn Bhd,Kuala Lumpur
8,HR cum Accounts Executive,Bijak Fajar Sdn Bhd,Petaling Jaya
9,Executive Assistant to the CEO Office,University of Southampton Malaysia,Johor Bahru
10,GALLERY OPERATIONS EXECUTIVE,TRITERRA SDN. BHD.,Kuala Lumpur
11,Admin Executive中英文,Kelly Services (M) Sdn Bhd,Kuala Lumpur
12,Finance Executive,AVEX GROUP,Kuala Lumpur
13,HR and Admin Executive,Kemikon Sdn. Bhd.,Penang
14,System Engineer,MCIS LIFE,Selangor
15,Careline Executive,Dagang Nexchange Berhad,Selangor
16,"Assistant Operations Manager (Kuching, Sarawak)",Air Liquide Malaysia Sdn Bhd,Kuching
17,Human Resource Executive,The Holstein Milk Company Sdn Bhd,Pahang - Others
18,Collection Executive,Nirvana Group,Johor Bahru
19,Human Resource Officer,Lian Hua Seng Group of Companies,Sarawak
20,Supply Planning Executive,Electrolux Home Appliances Sdn Bhd,Selangor
21,Executive Officer - Finance / Communications / Operations,MY IMAN FOODS (M) SDN. BHD.,Cyberjaya
22,HUMAN RESOURCE OFFICER,Yokowo Electronics (M) Sdn Bhd,Kulim
23,Purchasing Officer,Seiko Denki (M) Sdn Bhd,Johor Bahru
24,Human Resources Executive,Global Enterprise International Malaysia Sdn Bhd (Member of Singtel Group),Company Confidential
25,Back Office Executive (Billing),Adena Beach Resort Kuantan,Selangor - Others
26,Reservations Executive,TRANSPAK PENANG SDN. BHD.,Selangor
27,JUNIOR OPERATIONS EXECUTIVE,LAW Partnership,Kuantan
28,Secretary & Admin Executive,MTS Fruits Sdn Bhd,Perai
29,Accounts Assistant,Pengerang Refining & Petrochemical (PRefChem),Kuala Lumpur
30,"Executive, Performance & Governance",Everrise Departmental Store Sdn Bhd,Johor Bahru
31,Retail Executive,Stone Forest Malaysia Sdn Bhd,Johor
32,Payroll Executive,Rephouse (M) Sdn Bhd,Kuching
33,Account Executive,TNG Digital Sdn Bhd,Kuala Lumpur
34,Technical Support Specialist,Delloyd Industries (M) Sdn Bhd,Rawang
35,Accounts Executive,ExxonMobil Malaysia,Kuala Lumpur
36,General Application,Federal Express Services (M) Sdn Bhd,Selangor
37,People Coordinator,CUCKOO INTERNATIONAL (MAL) SDN. BHD.,Kuala Lumpur
38,Admin Executive (Planning),UAC Berhad,Kuala Lumpur
39,Executive - HSE,OSK Property Holdings Berhad,Kuala Lumpur
40,"SENIOR EXECUTIVE, FINANCE",Amerits Corporate Sdn Bhd,Ipoh
41,Corporate Secretarial Executive (Melaka & KL),BHP SHARED SERVICES INC.,Kuala Lumpur
42,WAREHOUSE SUPERVISOR,Worldwide Holdings Berhad,Kuala Lumpur
43,"Assistant Manager, Finance",Melaleuca Southeast Asia (M) Sdn Bhd,Shah Alam/Subang
44,Customer Service Associate,Securities Industry Development Corporation (SIDC),Shah Alam/Subang
45,"Manager, Executive Education",KL Fertility & Gynaecology Centre,Kuala Lumpur
46,Patient Liaison Officer (Office Hours),YARDWAY RAILQUIP (MALAYSIA) SDN. BHD.,Kuala Lumpur
47,HR cum Admin Manager,GP Batteries (Malaysia) Sdn Bhd,Kuala Lumpur
48,Production Supervisor,AS White Global,Shah Alam/Subang
49,"IT Security System Engineer - training on offer: CSSP, CISSP, CompTia, Linux,",SYARIKAT PERUSAHAAN JOOI BERSAUDARA SDN. BHD.,Johor Bahru
50,Production Supervisor,Dyna Pumps & Engineering (M) Sdn Bhd,Kuala Lumpur
51,Audit Supervisor,Duramitt Sdn Bhd,Bukit Mertajam
52,ADMIN CLERK & ACCOUNTS CLERK,Excelvite Sdn Bhd,Company Confidential
53,Warehouse Supervisor,STARCARTAGE (M) SDN. BHD.,Kota Kinabalu
54,Accounts Executive,PROLINTAS GROUP OF COMPANIES,Perai
55,Marketing Executive,OMESTI BERHAD,Kulim
56,Manager of Human Capital,Axvel Sdn Bhd,Perak
57,Internal Audit Executive,Synergy-PE Sdn Bhd,Selangor
58,Customer Service Executive,Mudajaya Corporation Berhad,Kuala Lumpur
59,QMS Officer,"STARLUX Airlines Co., LTD.",Kuala Lumpur
60,Project Engineer,Integrated Health Plans (Malaysia) Sdn Bhd,Petaling Jaya
61,Cargo Specialist,Fastrack Corporate Sdn Bhd,Penang
62,"Executive, Business Development & Account Management (BDAM)",Pengerang Refining & Petrochemical (PRefChem),Selangor
63,"Manager, PLOSC Operation",Total IFM Sdn Bhd,Kuala Lumpur
64,Account Executive,MJ HEALTH CARE CENTER SDN BHD,George Town
65,ACCOUNT EXECUTIVE,SYARIKAT PERUSAHAAN JOOI BERSAUDARA SDN. BHD.,Johor
66,Account & Admin Assistant,Talleywood Furniture Sdn Bhd,Shah Alam/Subang
67,ACCOUNT EXECUTIVE,Baerlocher (M) Sdn. Bhd.,Company Confidential
68,Assistant Production Manager,GAPbuster Worldwide Malaysia Sdn Bhd,Kota Kinabalu
69,Account Executive (Accounting),Nestlé Malaysia,Kuching
70,SECRETARY TO MANAGING DIRECTOR,Meadow Garden Sdn Bhd,Selangor
71,Quality Control Officer,VPO Services Sdn Bhd,Bukit Mertajam
72,Quality Assurance Executive - (89500),Shinyei Kaisha Electronics (M) Sdn Bhd,Kuching
73,Human Resources Executive,Jora Jobs,Seremban
74,Quality Assurance Executive,CCPS International (M) Sdn Bhd,Selangor
75,ACCOUNT OFFICER,E Metall Systems Sdn Bhd,Negeri Sembilan
76,General/HR Admin,OCK GROUP OF COMPANIES,Cameron Highlands
77,Admin Assistant,Uno Nutrition Malaysia Sdn Bhd,Kuala Lumpur
78,Personal Assistant,Roboto Coding Academy,Johor Bahru
79,Secretary to COO & CMO,DM DASHER SDN. BHD.,Selangor
80,HR cum ADMIN ASSISTANT,CLEAR EDGE CAPITAL,Kuala Lumpur
81,Business Development Executive (Remote / Work-From-Home),Agile Matrix Solutions Sdn Bhd,Penang
82,Live Chat Agent - Online Store Customer Service,ExxonMobil Malaysia,Selangor
83,Assortment Executive,Wah Lee Chain-Store Sdn Bhd,Kuala Lumpur
84,Office Administrator,AIR-MARINE Cargo Agency Sdn Bhd,Johor
85,Petroleum Measurement Engineer,MOL ACCESSPORTAL SDN. BHD.,Perai
86,Purchaser,Perunding AC & Rakan Sdn Bhd,Kuala Lumpur
87,Web Application Support Manager,Rise Facilities Service,Kuala Lumpur
88,Account Credit Control Executive,EXCEL FIRE ENGINEERING SDN. BHD.,Bukit Mertajam
89,Secretary,SERBA DINAMIK SDN BHD,Bintulu
90,Business development executive,Agilent Technologies LDA Malaysia Sdn. Bhd.,Kuala Lumpur
91,Internship for Electrical/Electronic Engineering Students,Ngee Cycle Trading Sdn Bhd,Kuala Lumpur
92,Account Assistant,Kossan Latex Industries (M) Sdn Bhd,Ipoh
93,Automation Manufacturing Engineer,Federal Express Services (M) Sdn Bhd,Selangor
94,ADMIN ASSISTANT,Search Personnel Pte Ltd,Selangor
95,Material Control Engineer,Tentacle Tech,Shah Alam/Subang
96,Organization & Employee Experience Designer,Jora Jobs,Penang
97,Accounts Executive (Credit Control/ Accounts Receivable/ FULLSET Accounts),R&F Development Sdn Bhd,Selangor
98,Application Support,China Communications Construction (ECRL) Sdn. Bhd.,Klang/Port Klang
99,FORWARDING EXECUTIVE,Paramount Property Development Sdn Bhd,Kuala Lumpur
100,Customer Service Assistant 客服助理,Roboto Coding Academy,Singapore
101,Administrative Executive,Daikin Malaysia Sdn Bhd,Kuala Lumpur
102,Accountant,Panasonic Industrial Devices Malaysia Sdn Bhd,Selangor
103,"Technology Educator (STEM, Robotics & Coding) (Remote / Work-From-Home)",Tungsten Network,Johor
104,IT Executive (Infrastructure),Family Confectionery Sdn Bhd,Kuantan
105,MACHINE OPERATOR,GFG HOME REALTY SDN BHD,Selangor
106,"Senior Manager, R2R Report & Treasury",Dream Products Sdn Bhd,Johor
107,Purchasing Executive,Tata Consultancy Services,Selangor
108,Marketing Officer,IKANO HANDEL SDN BHD (IKEA Batu Kawan),Selangor
109,ASSISTANT FACTORY PRODUCTION CONTROLLER,NLC General Pest Control Sdn Bhd,Kuala Lumpur
110,Service Desk Analyst,Ikano Handel Sdn. Bhd. (IKEA Damansara),Ipoh
111,"Part-time Food Assistant (Kitchen, Cashier, Hostess, Bussers), Renewable Contract",RB (Health) Malaysia Sdn Bhd,Klang/Port Klang
112,Marketing/ Branch Development Executive,LEE & KOH ADVOCATES & SOLICITORS,Muar
113,Goods Flow Team Manager,LEXIS CHEMICAL SDN. BHD.,Kuala Lumpur
114,Business Development Executive,Ecolab Sdn Bhd,Penang - Others
115,SENIOR ACCOUNT EXECUTIVE,Pactera EDGE Technologies Singapore Pte Ltd,Petaling Jaya
116,Sales Admin Support,AIA Bhd.,Company Confidential
117,Franchise & Business Development – Executive,Vision Plus Entertainment Marketing Sdn Bhd,Kuala Lumpur
118,Translator (Fulltime),IFME Works Pte Ltd,Kuala Lumpur
119,Branch Executive (6 Months contract) - JB,OTC Cosmetic Industries Sdn Bhd,Selangor
120,CLINICAL RESEARCH ASSOCIATE (Fresh Graduates Also Can Apply),Bakat Industri Sdn Bhd,Selangor
121,Human Resource and Admin Assistant cum Receptionist,UCrest Berhad,Shah Alam/Subang
122,Production Executive,Nurraysa Global Sdn Bhd,Johor Bahru
123,AUTOMATION ENGINEER,Hong Leong Bank Berhad,Cyberjaya
124,Senior Accounts Executive/ Assistant Finance Manager / Finance Manager,Hong Leong Bank Berhad,Kuala Lumpur
125,Purchasing Manager,Hong Leong Bank Berhad,Selangor - Others
126,"Executive, Process Transformation & Compliance",Greenpeace Southeast Asia Berhad,Petaling Jaya
127,Program Executive,Jabil Circuit Sdn Bhd,Selangor
128,"Executive, Operation & Customer Service (Desa Cemerlang Branch, Johor)",Agensi Pekerjaan Reeracoen Malaysia Sdn Bhd,Kuantan
129,Accounts Executive,SERBA DINAMIK SDN BHD,Selangor
130,Assistant Digital Fundraising Officer (12 months contract basis),Duramitt Sdn Bhd,Kuala Lumpur
131,Assistant Manufacturing Manager (PCBA),Kensington Trust Labuan Limited,Penang
132,Admin Executive [Ref: 49023] (CM),KLK OLEO,Johor
133,BUSINESS DEVELOPMENT EXECUTIVE,Orientus Industry Sdn Bhd,Petaling Jaya
134,Operation Manager,Reckitt Benckiser (M) Sdn Bhd (Hygiene),Kuala Lumpur
135,Corporate Secretarial – Executive,ExxonMobil Malaysia,Bayan Lepas
136,Product Stewardship & Regulatory Affair Specialist,EVERSPARK INDUSTRIES SDN BHD,Kulim
137,E-COMMERCE MANAGER,Motorola Solutions Malaysia Sdn Bhd,Shah Alam/Subang
138,R&D ASSISTANT (CONTRACT),Vesuvius Malaysia Sdn Bhd,Kulim
139,Quality Assurance & Data Integrity Assurance Framework (DIAF) Engineer,Federal Express Services (M) Sdn Bhd,Sabah
140,HR & ADMIN EXECUTIVE,Roche Services & Solutions Operations APAC,Selangor
141,Financial Analyst (Treasury),Khind Holdings Berhad,Johor Bahru
142,Team Leader- Production,OctoPlus Media Global Limited.,Johor
143,Compensation & Incentive Design Specialist,ITRAMAS Manufacturing  Sdn Bhd,Kuala Lumpur
144,Compliance Analyst (Travel & Expenses),JCT INDUSTRIES GROUP SDN. BHD.,Johor
145,Sales Executive - Penang,Sension Engineering Sdn Bhd,Penang
146,"Specialist / Executive, Order Management",Mudajaya Corporation Berhad,Klang/Port Klang
147,"Account Manager –Digital Marketing, Greater China",Grownce Sdn Bhd,Kuala Lumpur
148,"Manager, Service",AmGeneral Insurance Berhad,Selangor
149,Business Development Consultant,EMCO Executives Sdn Bhd,Penang
150,Operations Manager,HENGYUAN REFINING COMPANY  BERHAD,Company Confidential
151,Sales Admin / Marketing Executive,TBS & Co.,Selangor
152,HR & ADMIN OFFICER,Wearnes Quest Sdn Bhd,Kuala Lumpur
153,Manager Construction,Toyoshima Corporation (M) Sdn Bhd,Company Confidential
154,Marketing Executive,AIA Bhd.,Selangor
155,Children Enrichment Program Teacher,Alliance Bank Malaysia Berhad,Company Confidential
156,"Executive, Portfolio Analyst",Institute of Enterprise Risk Practitioners,Ipoh
157,Human Resource Executive,Hempel Manufacturing (Malaysia) Sdn Bhd,Perai
158,Internship for Engineering Students 2021,Commerz Trade Services Sdn Bhd,Kedah
159,Audit cum Tax Junior,Duramitt Sdn Bhd,Johor Bahru
160,Assistant Finance Manager,Taylor's University,Selangor
161,PRODUCTION PLANNER,Envirograft (M) Sdn Bhd.,Company Confidential
162,Branch Executive (6 Months contract) - Ipoh,Vesuvius Malaysia Sdn Bhd,Selangor
163,Branch Manager - Sitiawan,Dreamland Corporation (M) Sdn Bhd,Johor Bahru
164,Head of Business Development,JC CREATIVE RESOURCES,Kuala Lumpur
165,Trade Finance Document Analyst,Nirvana Asia Group,Port Dickson
166,Finance Manager,Dreamland Corporation (M) Sdn Bhd,Kuala Lumpur
167,Education Counselor,M-Fischer Tech  Sdn Bhd,Selangor
168,Import Cum Purchaser,Esco Micro (M) Sdn Bhd,Perai
169,Production Technician (Electronic PCBA),Select Group Pte Ltd,Ipoh
170,Production Planner,United Straits M & E Sdn Bhd,Perak
171,SALES COORDINATOR,Sterrific,Petaling Jaya
172,SALES ADMIN,KEY CONSULT (PG) SDN. BHD.,Kluang
173,Planning Engineer,Global Enterprise International Malaysia Sdn Bhd (Member of Singtel Group),Kuala Lumpur
174,Site Supervisor (Melaka),Omniraise Sdn Bhd,Kulim
175,ACCOUNTANT,Omniraise Sdn Bhd,Selangor
176,SHIPPING OFFICER,EXCEL FIRE ENGINEERING SDN BHD,Johor Bahru
177,Customer Service Inside Sales,Regent International School,Company Confidential
178,Operational Manager / Head of Operations (Based in Indonesia),Chang Hua Construction Pte Ltd,Klang/Port Klang
179,Electrical Engineer,Inter Great (M) Sdn Bhd,Klang/Port Klang
180,Digital Marketing Executive,UG PRESS SDN. BHD.,Selayang
181,COMPANY SECRETARY ASSISTANT,Bold Vision Sdn Bhd,Kajang/Bangi/Serdang
182,System Administrator (Middleware),Xin Hwa Holdings Berhad,Kuantan
183,Event Administrator,Sendi Mahir Sdn Bhd,Alor Gajah
184,Sales Manager Sarawak,THAT HIN LOONG MARKETING SDN BHD,Selayang
185,technician - fire extinguisher,Shell Business Operations Kuala Lumpur,Johor Bahru
186,"Educators - Add Maths, Maths",Leo Ceramiko Sdn Bhd,Shah Alam/Subang
187,Administrative Executive (CONTRACT),Zelcos Laboratory Sdn. Bhd.,Selangor
188,Admin Executive,JESS Technology Sdn Bhd,Petaling Jaya
189,Quality Control / R&D Executive,JESS Technology Sdn Bhd,Bayan Lepas
190,CUSTOMER SERVICE,Infineon Technologies (Malaysia) Sdn Bhd,Selangor
191,Logistic Assistant - Dispatch (Base in Melaka),Octafa Consulting Sdn Bhd,Kuala Lumpur
192,Storekeeper,Jora Jobs,Kuala Lumpur
193,Customer Ops Specialist,ACA Pacific Technology (M) Sdn Bhd,Selangor
194,Administrative Assistant,Integrated Health Plans (Malaysia) Sdn Bhd,Maldives
195,Business Development Consultant,MicroLambda Sdn Bhd,Bayan Lepas
196,Marketing Executive,Coway (Malaysia) Sdn Bhd,Selangor
197,Technician Electronic (Puchong),Adena Beach Resort Kuantan,Selangor
198,Staff Analyst Financial Controlling,INTCO MALAYSIA SDN. BHD.,Melaka
199,Business Analyst,JD SPORTS FASHION SDN. BHD.,Rawang
200,Admin Clerk,Top Glove Corporation Berhad,Selangor
201,Marketing Executive,Flex,Selangor
202,Digital Performance Marketing Manager,AVEX GROUP,Kuala Lumpur
203,Claims Officer / Executive,Top Glove Corporation Berhad,Company Confidential
204,Purchasing Administrator,Jungheinrich Lift Truck Malaysia Sdn Bhd,Penang
205,SALES & MARKETING EXECUTIVE,Intecorr Consultancy,Melaka
206,Electrical Engineer,Ormond Group,Kuala Lumpur
207,Senior E-commerce Assistant Merchandiser,CALIAN TECH MARKETING PLT,Selangor
208,"Executive, Finance (Accounting)",Dunham Bush Industries Sdn Bhd,Petaling Jaya
209,"Production Supervisor - Flex Skudai, Johor",Lactalis Trading Malaysia Sdn. Bhd.,Kuala Lumpur
210,"Executive, Marketing",Kejuruteraan P & L Sdn Bhd,Selangor
211,Marketing Executive,Sunway Berhad,Kuala Lumpur
212,Sales Manager – Client Service,Esco Micro (M) Sdn Bhd,Kuantan
213,WareHouse Associate,AM LIFE INTERNATIONAL SDN BHD,Company Confidential
214,Admin Clerk,Marcus Evans (M) Sdn Bhd,Petaling Jaya
215,Materials Corrosion Engineer,Webnatics Sdn. Bhd.,Bukit Mertajam
216,F&B Operations Manager,Repro Solution Sdn Bhd,Klang/Port Klang
217,Game App Security Officer,TDCX,Kuala Lumpur
218,Application Engineer,RCE Capital Berhad,Selangor
219,Application Group Manager,Math Monkey MathBrain Centre,Johor
220,Software System Support,Armstrong Auto Parts Sdn Bhd,Kuala Lumpur
221,PROJECT ENGINEER / SITE ENGINEER / SITE COORDINATOR,Corporate Builders Sdn Bhd,Selangor
222,Mechanical and Electrical Coordinator,RB (Health) Malaysia Sdn Bhd,Kuala Lumpur
223,Service Coordinator,Sunway Property,Selangor
224,Sales Processing Executive,Mi Equipment (M) Sdn. Bhd.,Kuala Lumpur
225,Corporate Sales Executive – High-End Business Summits,Daniel Wellington,Selangor
226,Digital Marketing Executive,Monster Services Group Sdn Bhd,Shah Alam/Subang
227,Software Developer (.NET),Alpha Home Appliances Sdn Bhd,Kuala Lumpur
228,Assistant Finance Expert,ECO MEDI GLOVE SDN. BHD.,George Town
229,ASSISTANT MANAGER / SENIOR EXECUTIVE  (APPLICATION) - INFORMATION TECHNOLOGY,Syarikat Sin Kwang Plastic Industries Sdn Bhd,Selangor
230,Site Supervisor,SEP Engineering Sdn Bhd,Petaling Jaya
231,Early Childhood Teacher (Melaka),Cambert (M) Sdn Bhd,Subang Jaya
232,IBS PRODUCTION SUPERVISOR,Capita Global Sdn Bhd,Selangor
233,Assistant Sales Manager (East Coast) - General Trade,MCIS LIFE,Shah Alam/Subang
234,Finance Executive,Perbadanan Bekalan Air Pulau Pinang Sdn Bhd,Penang
235,Admin Executive,Appvalley Technology Sdn Bhd,Kuala Lumpur
236,Sales Associate - Kuala Lumpur,Nestlé Malaysia,Shah Alam/Subang
237,Accounts Executive (PENANG),CSM Consultant,Selangor
238,Storekeeper,Western Digital,Kuala Lumpur
239,Human Resources Executive,Ori Bionature (M) Sdn Bhd,Kuala Lumpur
240,Quality Manager,Celestica,Company Confidential
241,Accounts Clerk cum General Admin,Rovski Sdn Bhd,Singapore
242,Sales Representative / Executive (Ipoh),DPO International Sdn Bhd,Melaka
243,INSIDE SALES DATA ENTRY,Kotak Malaysia (KOM) Sdn. Bhd.,Penang
244,Sales Admin cum Finance Assistant / Executive | Setia Alam,AUTOFIN ASSOCIATES (JOHORE) SDN. BHD.,Penang
245,Technical Manager,Yeh Brothers Malaysia Sdn Bhd,Kuantan
246,EXECUTIVE (INFORMATION TECHNOLOGY DEPARTMENT),UNISEM GROUP,Selangor
247,Immediate Hiring Internship for Computer Science,Jora Jobs,Bayan Lepas
248,Product Technologist - (87564),Jora Jobs,Kuala Lumpur
249,Administrative Assistant,Infineon Technologies (Malaysia) Sdn Bhd,Perai
250,IT Programmer (MES),Haier Electrical  Appliances (M) Sdn Bhd,Shah Alam/Subang
251,QC Executive (Cosmetic),Lam Soon Edible Oils Sdn Bhd,Taiping
252,Internship - Engineering (Chemical/Environmental/Health/Safety),J&T EXPRESS (MALAYSIA) SDN. BHD.- PAHANG,Johor Bahru
253,Sales Executive,Newfields Land Sdn Bhd,Kajang/Bangi/Serdang
254,Sales Administration Specialist,Holista Colltech Ltd,Ipoh
255,Customer Service Executive,Panasonic Industrial Devices Malaysia Sdn Bhd,Petaling Jaya
256,AUTOMOTIVE SERVICE ADVISOR,Driven Communications Sdn Bhd,Shah Alam/Subang
257,Quality Control Supervisor,First Solar Malaysia Sdn Bhd,Selangor
258,Process Engineer,B. Braun Medical Industries Sdn. Bhd.,Penang
259,Admin Executive,Binery,Petaling Jaya
260,Course Coordinator,Infineon Technologies (Malaysia) Sdn Bhd,Selangor
261,Staff Specialist Resource Planning,Resourceleap Consultancy Sdn Bhd,Johor
262,"Sales Executive (Penang, Sabah, Kuala Terengganu) (市场销售人员)",DKSH Malaysia Sdn Bhd,Penang
263,Purchasing Executive,Klinik Pergigian Shuba,Puchong
264,"Sales Marketing Officer (Kuantan, Temerloh, Bentong)",Hiap Teck Venture Berhad,Penang
265,Internship for Business Studies/Administration Students,Angelucci sdn bhd,Selangor
266,Sales Representative (Johor),EXY IP PLT,Kuala Lumpur
267,SALES EXECUTIVE,Retail 360 Sdn Bhd,Melaka
268,Social Media Manager,Empire Asia Events Marketing Sdn Bhd,Johor Bahru
269,MES Developer III (Based in Kulim),See Hoy Chan Management Services Sdn. Bhd.,Johor - Others
270,Assistant Manager – Direct Materials Procurement,WPP Business Services Sdn Bhd (Financeplus Malaysia),Perak
271,Startup Accounting Manager,Iccho Dining Sdn Bhd,Selangor
272,Specialist Production Logistics Planner,Modular Scale Sdn Bhd,Kuala Lumpur
273,Business Development Executive,Khind Holdings Berhad,Melaka
274,"Executive, Field Sales (FMCG) (Petaling Jaya)",STAYFRESH HYGIENE SERVICES SDN BHD,Selangor
275,DENTAL ASSISTANT COM ADMIN,Anewtech Systems Sdn Bhd,Selangor
276,Manager / Assistant Manager -Accounts,PM ACCESS WORLD (MALAYSIA) SDN. BHD.,Pahang
277,Senior finance and admin Executive,EMCO Executives Sdn Bhd,Kuala Lumpur
278,Sales Executive,NLC General Pest Control Sdn Bhd,Johor
279,Human Resources & Admin Executive,GEORGETOWN PHARMACY,Selangor
280,Account Executive (会计行政人员),KL INTERNATIONAL HEALTHCARE CENTRE SDN BHD,Shah Alam/Subang
281,Internship for Computer/IT Students,Tan Ya Advisory,Kedah
282,Internship for Accounting Students,Kejuruteraan P & L Sdn Bhd,Penang
283,Assistant Central Kitchen Operation Manager (F&B),UNITED PARK MANAGEMENT SDN BHD,Kuala Lumpur
284,Business Development Executive,GREENCHEF SDN. BHD.,Melaka
285,Admin Executive,FRD PERFORMANCE MOTORSPORT (M) SDN BHD,Puchong
286,Admin Executive,PM Securities Sdn Bhd,Selangor
287,Technical Supervisor,HID Global Sdn Bhd,Selayang
288,"Senior Executive, Financial Analysis",China Railway Engineering Corporation(M) Sdn Bhd,Selangor
289,Marketing Support Executive,Roland Manufacturing Malaysia Sdn Bhd,Kuala Lumpur
290,Field Biologist,UNIVERSAL TRAVELLER SHOP SDN BHD,Selangor
291,Provisonally Registered Pharmacist (PRP),MYI Technologies Sdn Bhd,Subang Jaya
292,Human Resources cum Admin Executive,PM Securities Sdn Bhd,Petaling Jaya
293,Tax Assistant (Junior),Agensi Pekerjaan & Perundingcara Bright Prospect Sdn Bhd,Selangor
294,Site Supervisor / Junior Project Engineer,EPS Malaysia,Selangor
295,Assistant Park Manager,RB (Health) Malaysia Sdn Bhd,Selangor
296,[Singapore] Outdoor Sales Executive,LLK TECH SOLUTIONS SDN. BHD.,Shah Alam/Subang
297,IT Executive,Diversey (Malaysia) Sdn Bhd,Selangor
298,Assistant Manager -  Cyber Security,Mamee-Double Decker (M) Sdn Bhd,Melaka
299,Senior Supply Chain Manager,Green Packet International Sdn Bhd,Penang
300,Civil Engineer,FLORENTINE SDN. BHD.,Selangor
301,Internship for Finance/Accounts,AGILE REAL ESTATE DEVELOPMENT (M) SDN. BHD.,Petaling Jaya
302,Assistant Solution Consultant,Commerz Trade Services Sdn Bhd,Perlis
303,Executive - Accounts,Awesomelink Sdn Bhd,Kuala Lumpur
304,Customer Service Executive (Freight / Logistic) x5,Palmgold Corporate Services S/B,Kuala Lumpur
305,HR Reporting & Quality Improvement Analyst (6-month contract),Hwa Tai Industries Berhad,Johor Bahru
306,TECHNICIAN,VSTECS BERHAD,Penang
307,Technology Analyst,TOPDEAL COMMUNICATIONS SDN BHD,Kuala Lumpur
308,"Manager, Finance",SEA GAMER MALL SDN. BHD.,Johor
309,Sale Assistant,Irama Canggih Sdn Bhd,Kuala Lumpur
310,AML & Compliance Executive,Capita Pte Ltd - Healthcare,Klang/Port Klang
311,ASSISTANT MANAGER-ACCOUNTS DEPARTMENT,Jora Jobs,Kuala Lumpur
312,"Manager, Property Management",Roland Manufacturing Malaysia Sdn Bhd,Selangor
313,Trade Finance LC Issuance Specialist,YBS AGRO PREMIERE SDN BHD,Kuala Lumpur
314,Senior MIS Executive,Valuedesign (Malaysia) Sdn Bhd,Selangor
315,Cashier,Nurraysa Global Sdn Bhd,Kuala Lumpur
316,Account Executive,KIARA SUSILA SDN BHD,Petaling Jaya
317,Production Executive,Berjaya Sompo Insurance Berhad,Shah Alam/Subang
318,Customer Service Executive (SPM Graduate welcomed)（Based in Philippines),Agilent Technologies LDA Malaysia Sdn. Bhd.,Shah Alam/Subang
319,Corporate Finance Manager,Palmgold Corporate Services S/B,Subang Jaya
320,Technician,Corporate Builders Sdn Bhd,Selangor
321,Sales Admin Assistant - Fresh Graduate / Junior,Delfi Marketing Sdn Bhd,Kuala Lumpur
322,"Corporate Sales Executive (Salary Up to RM6,000 + Performance Bonus)",Kotak Malaysia (KOM) Sdn. Bhd.,Kuala Lumpur
323,SEO Specialist,SOON HOE CHAN SDN. BHD.,Company Confidential
324,Store cum driver,LYL Land Sdn Bhd,Petaling Jaya
325,Recruitment Consultant (Based in KL; Singapore Market),IJEON GROUP SDN BHD,Kuala Lumpur
326,"SENIOR EXECUTIVE, FORWARDING",Global Enterprise International Malaysia Sdn Bhd (Member of Singtel Group),Kuala Lumpur
327,Accounting Internship,Innatech Communication Sdn Bhd,Company Confidential
328,SALES ASSISTANT CUM DRIVER,Lee Swee Construction & Trading Sdn Bhd,Petaling Jaya
329,Client Administrator,Foxcomasia Communications,Butterworth
330,Stockist Relation Manager,Prestar Marketing Sdn Bhd,Selangor
331,BUILDING MANAGER,Intelligent Money Sdn Bhd | iMoney.my,Bayan Lepas
332,"Executive / Senior Executive (Business Information), Actuarial",CompuMed Services Sdn Bhd,Company Confidential
333,Club Manager (Penang),BIOCEAN WOOD SDN. BHD.,Selangor
334,Estimator,Hive Marketing Sdn Bhd,Perak
335,Senior Product Executive,System Management Services Sdn. Bhd.,Petaling Jaya
336,Sales Executive,Top Glove Corporation Berhad,Kuala Lumpur
337,WAREHOUSE SUPERVISOR (HARDWARE),Roland Manufacturing Malaysia Sdn Bhd,Selangor - Others
338,HR cum Admin Executive,SEED AUTISM SERVICES,Perak
339,Internship for Hospitality/Tourism Management Students,Century Motolite Battery Sdn Bhd,Central
340,Project Coordinator (Contract),JD SPORTS FASHION SDN. BHD.,Selangor
341,Marketing (Executive),VSTECS BERHAD,Klang/Port Klang
342,"Technical Support Engineer/Executive (Klang Valley, Ipoh & Johor)",OZ Marketing Sdn Bhd,Cameron Highlands
343,Contract Executive (Q.S) Kajang,ASK Resources,Kuala Lumpur
344,Network Engineer,TDCX,Kuantan
345,General Manager,S8 AUTO,Cheras
346,"Intern, Commercial",TRUTH COMMUNICATIONS SDN. BHD.,Kuala Lumpur
347,MANAGER PROVIDER MANAGEMENT,Kinetics Systems Malaysia Sdn Bhd,Bayan Lepas
348,Customer Engagement Executive,JC WEALTH MANAGEMENT SDN BHD,Butterworth
349,Warehouse Executive,Belle & Russell Kindergarten,Kuala Lumpur
350,Video Editor,LSPCM SDN BHD,Subang Jaya
351,Marketing Executive,UPP PULP & PAPER (M) SDN. BHD.,Melaka
352,"Executive, Internal Audit",Toshiba Transmission & Distribution Systems Asia Sdn Bhd,Penang - Others
353,Supply Chain Management  Internship,Vitally Sdn Bhd,Petaling Jaya
354,Behavior Therapist,Bold Vision Sdn Bhd,Selangor
355,Warehouse Operations Executive,FatHopes Energy Sdn Bhd,Selangor
356,E-Commerce Customer Service Advisor (Contract),BIOCEAN WOOD SDN. BHD.,Company Confidential
357,Service Admin Assistant - Fresh Graduate / Junior,Jora Jobs,Petaling Jaya
358,Product cum Customer Service Advisor (Marketing Department),BW SIM HUAT TIMBER SDN BHD,Selangor
359,Technical Support Specialist,Talent Corporation Malaysia Berhad,Kuala Lumpur
360,Accounting Internship,PHN Industry Sdn Bhd,Selangor
361,PUBLIC RELATIONS MANAGER,MPI Generali Insurans Berhad (Multi-Purpose Insurans Bhd),Kuala Lumpur
362,Assistant Sales Manager,MMN Bina Sdn Bhd,Kuala Lumpur
363,Internship for Student interested in Customer Support,The Orange Academy,Singapore
364,Mandarin Teacher,Kelly Services (Malaysia) Sdn Bhd,Johor - Others
365,SALES EXECUTIVE,MCC Labels (Kuala Lumpur) Sdn Bhd,Kuala Lumpur
366,Human Resource Officer,J&T EXPRESS (MALAYSIA) SDN. BHD.,Petaling Jaya
367,Engineer,London College Of Clinical Hypnosis Asia,Selangor
368,Operation Support Officer (营运专员）,Adeka Foods (Asia) Sdn. Bhd.,Klang/Port Klang
369,Sales Executive / Representative,Koong Woh Tong Sdn Bhd,Selangor
370,QUALITY AND QUANTITY MANAGER,Tricom Events Pte Ltd,Semenyih
371,Purchasing Executive,COMPASS COGL MALAYSIA SERVICES SDN. BHD.,Kuala Lumpur
372,Admin Executive,Daikin Research & Development Malaysia Sdn Bhd,Petaling Jaya
373,Internship for Mechanical / Mechatronics Engineering Students,Genexis Health Enterprise,Selangor
374,Special Officer to CEO (Personal Assistant),ECODE TECHNOLOGIES SDN BHD,Kuala Lumpur
375,Maintenance  Technician,Infineon Technologies Advance Logic Sdn Bhd,Petaling Jaya
376,Internship for Business Studies/Administration Students,AIA Bhd.,Petaling Jaya
377,Civil and Structure Engineer (Protege),MOBIEDGE E-COMMERCE SDN. BHD.,Selangor
378,Childcare Teacher,AXIS RESOURCES,Kuala Lumpur
379,Collection Officer,Tropicana Corporation Berhad,Petaling Jaya
380,Regional CI Leader,RBC MALAYSIA,Selangor
381,Data Analyst 数据分析人员,FAJARBARU BUILDER SDN BHD,Selangor - Others
382,Content Writer (Mental Health / Psychology),Gafis (M) Sdn Bhd,Petaling Jaya
383,Sales & Marketing Assistant,Mummys Market Pte Ltd,Puchong
384,Assistant Accounts Manager,Tata Consultancy Services,Shah Alam/Subang
385,HR/Payroll Executive,ASIA POLY INDUSTRIAL SDN. BHD.,Selangor
386,Event Manager,RHB Banking Group,Johor - Others
387,B2B Sales Executive - Serviced Office,HEALTH LANE FAMILY PHARMACY SDN BHD,Kuala Lumpur
388,R&D Engineer (Element & Technology),Kelly Services (Malaysia) Sdn Bhd,Penang
389,"Senior Executive, Property Management",International SOS Global Corporate Services Sdn Bhd,Penang
390,Sales Executive,Startek,Selangor
391,Staff Engineer Unit Process Engineering Trim and Form,PB Realty Sdn. Bhd. (338851-D),Kuala Lumpur
392,"Senior Associate, Customer Correspondence (1 year conract)",BANDAR UTAMA CITY CENTRE SDN BHD,Kuala Lumpur
393,Managers – Merchant Acquiring (Online & Offline),Malton Berhad,Kuala Lumpur
394,IT Executive 技术执行专员,Palmgold Corporate Services S/B,Selangor
395,"Senior Executive, Project",Khai Lien Silk Screen Suppliers (M) Sdn Bhd,Kuala Lumpur
396,Administrator Production Assurance (Contract),Sunway Berhad,Selangor
397,Assistant Store Keeper,GDT SDN. BHD.,Johor Bahru
398,Mechanical (Construction) Intern,Mahkota Medical Centre,Company Confidential
399,Master Data Specialist / Analyst,IJEON GROUP SDN BHD,Johor
400,Warehouse Manager,Yuncheng Plate-Making Technology (M) Sdn Bhd (796811-V),Kuala Lumpur
401,QA EXECUTIVE,Ori Bionature (M) Sdn Bhd,Kuala Lumpur
402,Retail CDD Analyst (Fresh Graduate),EC Council Global Services,Selangor
403,Retail Pharmacist,SINGAPORE HAI DI LAO DINING PTE. LTD,Kuala Lumpur
404,Procument Executive,Daikin Applied (Malaysia) Sdn Bhd,Johor Bahru
405,"Analyst, Procure-To-Pay",Jora Jobs,Kuala Lumpur
406,Technical Support Executive (IT) - Mandarin Speaker,Jora Jobs,Melaka
407,Internal Audit Executive,INNOV8TIF SOLUTIONS SDN. BHD.,Kuala Lumpur
408,Quantity Surveyor,GFG HOME REALTY SDN BHD,Company Confidential
409,Finance Executive/ Senior Finance Executive (1 Position),Oncogen Pharma (Malaysia) Sdn Bhd,Nilai
410,ADMINISTRATION ASSISTANT,ER GEMtrack Sdn Bhd,Selangor
411,Senior Executive IT,Agensi Pekerjaan HRnet One Sdn Bhd (HR),Selangor
412,Account And Admin Executive,ALC Platform Sdn Bhd,Kuala Lumpur
413,Storekeeper,Vinda Group SEA,Negeri Sembilan
414,Sourcing Executive,UOB Asset Management (Malaysia) Berhad,Shah Alam/Subang
415,Pricing Manager,MajuHome,Company Confidential
416,Internship for Food & Beverage Preparation/Services Management Students,Reddot Brewhouse Pte Ltd,Selangor
417,Sales And Marketing Executive,Yamaha Electronics Manufacturing (M) Sdn Bhd,Central
418,"Treasury/ Corporate Finance, Manager/ Senior Manager",Jora Jobs,Kuala Lumpur
419,Foreign Workers’ Dormitory Manager,Haier Electrical  Appliances (M) Sdn Bhd,Klang/Port Klang
420,Search Engine Optimization Specialist,TENAGA MA Sdn Bhd,Kuala Lumpur
421,SOC Engineer,Capital Dynamics Sdn Bhd,Melaka
422,Landscape Gardener cum Maintenance Staff,Straits Advisor Sdn Bhd,Kuala Lumpur
423,Accounts Executive,Nurraysa Global Sdn Bhd,Kuala Lumpur
424,Admin Assistant,NOLEK SDN BHD,Selangor
425,Admin Assistant,Franky Construction Sdn Bhd,Kuala Lumpur
426,AI Engineering Intern,Jasa Kita Warehousing Service Sdn Bhd,Melaka
427,Accommodation Sales Person,Flex,Selangor
428,"Executive, R&D Analytical (API)",PT RESOURCES HOLDINGS SDN BHD,Selangor
429,AREA SALES MANAGER,Sime Darby Industrial,Kuala Lumpur
430,Analyst Programmer,ECAS Consultants Pte Ltd,Selangor
431,Internship for Business Studies/Administration Students,Bullish Aim Sdn Bhd,Selangor
432,Sales cum Recruitment Executive (Open to Fresh Graduates),Linkk Busway Systems (M) Sdn Bhd,Selangor
433,QA Executive,Tropicana Golf & Country Resort,Bukit Mertajam
434,Manager - Operations (Funds Valuation),HENGYUAN REFINING COMPANY  BERHAD,Melaka
435,Part Time Sales Executive,Top Glove Corporation Berhad,Selangor
436,Assistant Brewer,Agensi Pekerjaan GMRecruitment Sdn Bhd,Selangor
437,SOFTWARE ENGINEER,ASK Resources,Company Confidential
438,Receptionist,IJEON GROUP SDN BHD,Ampang
439,Corporate Sales Executive （企业销售人员）,Panasonic Industrial Devices Malaysia Sdn Bhd,Bayan Lepas
440,Site Supervisor (Electrical),Mazars,Puchong
441,Database Specialist,Pinnacle Capital Sdn Bhd,Kuala Lumpur
442,Marketing Manager,Agensi Pekerjaan BGC Group (Malaysia) Sdn Bhd,Selangor
443,Internship for System Control,J&T Express (Malaysia) Sdn Bhd - Northern Selangor,Selangor
444,Pengawal Keselamatan (Security Guard),jwfine enterprise,Selangor
445,Safety and Health Officer,Infineon Technologies (Malaysia) Sdn Bhd,Subang Jaya
446,Sales Executive (Warehousing Service),WEBRAND DIGITAL SDN. BHD.,Shah Alam/Subang
447,"Quality Supervisor - Flex Skudai, Johor",Southern Air Freight Sdn Bhd,Shah Alam/Subang
448,Finance Manager,Elabram Systems Sdn Bhd,Bayan Lepas
449,"Executive, Service",Seon Lim (M) Sdn Bhd,Kuala Lumpur
450,Internship for Data Entry Administrator - to start on May 2021,Diamond Mountain Construction,Selangor
451,Electrical Technician (5-Day Work in Balakong),United Nations High Commissioner for Refugees,Kuala Lumpur
452,Ecommerce Operations Officer,TWY Search International (M) Sdn Bhd,Central
453,Internship for Information Technology Student 2021,Kelly Services (M) Sdn Bhd,Ipoh
454,"Engineer, Research & Development",Pine Packaging (M) Sdn Bhd,Selangor
455,"Senior Costing Officer (Up to RM4.2k / Tebrau, JB)",Lenovo,Selangor
456,Chemical Engineer (shared service)- Fresh are welcome,Live-well Nutraceuticals Sdn Bhd,Subang Jaya
457,Internship for Hotel and Restaurant Management Students,Caspian Digital Solutions,Kuala Lumpur
458,Technical Manager,Marc Service Residence,Kuantan
459,RESEARCH/FINANCIAL ANALYST,Toyota Capital Malaysia Sdn. Bhd.,Penang
460,"Engineer, Textile Machinery (KL / Johor)",Jora Jobs,Company Confidential
461,HR Executive,JAC Recruitment Malaysia,Sarawak
462,Project Manager - Operations Planning and Controlling,Best88 Co. Ltd.,Johor
463,Digital Marketing Strategist,AWWA LTD,Company Confidential
464,OPERATION CUM CUSTOMER SERVICE OFFICER,Kelly Services (Malaysia) Sdn Bhd,Selangor
465,Business Administrative Internship,Plastictecnic (M) Sdn Bhd,Shah Alam/Subang
466,IT Project Controller (12 Months Contract),CardBiz Solutions Sdn Bhd,Selangor
467,Senior Buyer / Supply Chain Executive,Sime Darby Holdings Berhad (Internal),Kuala Lumpur
468,Site Engineer,AR ADVANCE SDN BHD,Cheras
469,PROJECT CONTROL ASSOCIATE (TA) GL6 (UNHCR Post),FOREO INTERNATIONAL PTE. LTD.,Selangor
470,Commercial Executive,Barry Callebaut Manufacturing Malaysia Sdn Bhd,Company Confidential
471,Admin Executive (Fresh Grad Welcome | Global Company | Near LRT),Jora Jobs,Bukit Mertajam
472,Office Dispatch (Based in Negeri Sembilan),ASK Resources,Port Dickson
473,JUNIOR HR CUM ADMIN EXECUTIVE 人力资源行政部,Mondelez Malaysia Sales Sdn Bhd,Selangor
474,Service Coordinator,Jora Jobs,Johor
475,SALES EXECUTIVES - based in Penang and Johor Bahru,FINWEALTH MANAGEMENT SDN. BHD.,Kuala Lumpur
476,Business Development Media Sales Manager,SANMINA-SCI SYSTEMS (MALAYSIA) SDN BHD,Selangor
477,Purchasing Admin,Ye Chiu Non-Ferrous Metal (M) Sdn Bhd,Selangor
478,BUILDING MANAGER,Mondelez Malaysia Sales Sdn Bhd,Kuala Lumpur
479,Customer Service Representative,TJS Coprorate Services SB,Puchong
480,Assistant Production Controller,Jora Jobs,Kuala Lumpur
481,Operators/ TL,WEBSPERT SOLUTION SDN. BHD.,Cheras
482,PROJECT MANAGER (Construction),Splendid Floriculture Sdn Bhd,Selangor
483,ACCOUNTANT (REF: JI),Sportopia Limited,Melaka
484,Executives - Sales Administration,Zurich Life Insurance Malaysia Berhad,Kuala Lumpur
485,Accounts & Finance Senior Executive,TOPDEAL COMMUNICATIONS SDN BHD,Subang Jaya
486,Accountant,Swift Energy Sdn Bhd.,Klang/Port Klang
487,Psychologist,Stone Forest IT Pte Ltd,Shah Alam/Subang
488,RM 3000- Customer Service - Kuala Lumpur,SEEK Asia (JobStreet),Perak
489,Hostel Warden,Jora Jobs,Kajang/Bangi/Serdang
490,Internship for Computer Science in Microservice Development,Australian High Commission,Kuala Lumpur
491,Head of Sales and Marketing,ASE Electronics (M) Sdn Bhd,Kota Tinggi
492,"Executive, Service",XSD International Paper,Petaling Jaya
493,Telemarketing Executive,Katrin BJ Sdn Bhd,Kuala Lumpur
494,Field Coach,Omniraise Sdn Bhd,Melaka - Others
495,Senior Product Expert,Alpha Home Appliances Sdn Bhd,Selangor
496,Junior Accounts Executive @ USJ - 5 Days,Sales Connection - Good Works Technology Sdn Bhd,Petaling Jaya
497,Supply Chain Finance Manager,Hitachi Transport System (M) Sdn Bhd,Selangor
498,Wedding Coordinator,Kerjaya Prospek (M) Sdn Bhd,Kuala Lumpur
499,Financial Planning Executive,Carlsberg Brewery Malaysia Bhd,Company Confidential
500,TRAINING MANAGER,Wihardja,Selangor
501,Production Officer,SAIKYU MOLD (MALAYSIA) SDN. BHD.,Petaling Jaya
502,E-Commerce Manager,S.A NETWORKS TECHNICAL INDUSTRIES SDN BHD,Penang
503,Accounts Executive,IFME Works Pte Ltd,Company Confidential
504,ROT Clerk,PM Securities Sdn Bhd,Port Dickson
505,Web programmer,Retail 360 Sdn Bhd,Kuala Lumpur
506,Office Manager,Jora Jobs,Selangor
507,Finance Operation Manager,Fast Track Sdn Bhd,Company Confidential
508,Project Manager (1 year contract),YS GAN & CO,Klang/Port Klang
509,Internship for Business Studies / Administration Students,Peri-dent Star Sdn Bhd,Labuan
510,ANALYST PROGRAMMER,Infineon Technologies (Malaysia) Sdn Bhd,North-East
511,Program Analyst,Wah Seng Industry Sdn. Bhd.,Kuala Lumpur
512,CLERK,Procurri Malaysia Sdn Bhd,Petaling Jaya
513,Internship for Contract and Procurement 2021,CIMB Group,Petaling Jaya
514,Driver cum Administrative Assistant,YEWON YUCHIWON,Company Confidential
515,Test Equipment / Line Maintenance Senior Engineer,HEALTH LANE FAMILY PHARMACY SDN BHD,Shah Alam/Subang
516,Company Driver,Savvy Cartel Sdn Bhd,Selangor
517,Order Processing Assistant,IMPERIA COLLEGE,Puchong
518,Sales Executive - KL or Kuantan,SVO GROUP BERHAD,Johor Bahru
519,Enterprise Agile Coach,IRDECO F N B SDN. BHD.,Selangor
520,Internship for Mobile App Developer (Web and Backend),Bank Negara Malaysia,Kuala Lumpur
521,Senior Contract Executive,Confidential,Melaka
522,HR Executive (12 Months Contract),EURO POTENTIAL SDN BHD,Selangor
523,Showroom Executive,OSRAM (M) Sdn Bhd. – GSS Division,Penang
524,Machinist,Tri e Marketing Sdn Bhd,Johor
525,Supervisor-Planning,Jora Jobs,Selangor
526,Manager - Wealth Customer Experience,Insan Bakti Sdn. Bhd.,Puchong
527,Admin and Sales Coordinator,Newfields Land Sdn Bhd,Selangor
528,"Analyst, HR Services",Southern Infinity Group - CXR,Selangor
529,Assistant Manager-Risk Management,AGB Builders Sdn Bhd,Shah Alam/Subang
530,Human Resources & Admin Manager,AEON Credit Service (M) Bhd,Cameron Highlands
531,PRODUCTION MANAGER,Jora Jobs,Kuala Lumpur
532,Administrative Executive,T7 GLOBAL BERHAD,Kuala Lumpur
533,Audit Assistant,Jie Communication Sdn Bhd (realme Malaysia）,Cheras
534,Accounts Executive,MoneySmart Singapore,Shah Alam/Subang
535,Systems Engineer - Unix Administration,Genting Malaysia Berhad,Central
536,Customer Service,Jora Jobs,Kuala Lumpur
537,Product Management (12 Months Contract),Jora Jobs,Selangor
538,Inside Sales Representative,United Overseas Bank (Malaysia) Bhd,Port Dickson
539,Financial Services Consultant (Penang),The Big Rajah Food Caterers Sdn Bhd,Kuala Lumpur
540,LOOKING FOR A TASKA(TADIKA) TEACHER,Jora Jobs,Penang
541,Marketing Manager,Hong Leong Bank Berhad,Bentong
542,Corporate Sales Executive,Hanako Construction Pte Ltd,Subang Jaya
543,Lecturer - Real Estate Management,SGI Vacation Club Berhad (A member of OSK Group),Kuala Lumpur
544,Online Sales Marketing,Ricoh (Malaysia) Sdn. Bhd.,Selangor
545,"WAITER, WAITRESS",The Famous Amos Chocolate Chip Cookie Corporation (M) Sdn. Bhd.,Subang Jaya
546,"Executive, Service Support Operations | Infrastructure Technology Department",Agensi Pekerjaan NCS Solutions Sdn. Bhd.,Kajang/Bangi/Serdang
547,Mobile Application Developer,Agensi Pekerjaan Pasona Sdn Bhd,Kuala Lumpur
548,Fruits &  Vege Supervisor for Supermarket,ASIA POLY INDUSTRIAL SDN. BHD.,Selangor
549,Controlling Executive (Accounting),Times Offset (M) Sdn Bhd,Puchong
550,Marketing Coordinator,OM Materials (Sarawak) Sdn Bhd,Shah Alam/Subang
551,Admin Assistant,TechSearch Pte Ltd,Kuala Lumpur
552,Property Sales Executive (Basic + Commission) – Immediate Hiring,Omniraise Sdn Bhd,Company Confidential
553,Planning Officer,Gabungan AQRS Berhad,Kuala Lumpur
554,Elite Entrepreneur Program,MMC MANUFACTURING MALAYSIA SDN BHD,Kuala Lumpur
555,Senior HR & Admin Executive,BD (Formerly known as Bard Sdn Bhd),Subang Jaya
556,"Manager, Financial Reporting and Compliance",AEON Co. (M) Bhd.,Selangor
557,Haulage Operation,Kong Long Huat Chemicals Sdn Berhad,Gelugor
558,Expeditor - Mechanical Packages,WELLBE MALAYSIA SDN. BHD.,Selangor
559,Logistics Executive,Dancomair Engineering Sdn Bhd,Nilai
560,Customer Service Executive,AEL Engineering Sdn Bhd,Melaka
561,Croupier / Dealer (3 Months Contract),Armstrong Auto Parts Sdn Bhd,Bukit Mertajam
562,Customer Service Assistant,SAIKYU MOLD (MALAYSIA) SDN. BHD.,Shah Alam/Subang
563,Warehouse Assistant,JENSON AGENCY MARKETING,Petaling Jaya
564,"Senior Officer, Personal Banker, KL Main Branch",ACHIEVE Career Consultant (M) Sdn Bhd (JTKSM 579A),Penang
565,Marketing Executive,Tentacle Tech,Kuala Lumpur
566,Logistic Executive,KingKoil Bedding (Malaysia) Sdn Bhd,Kuala Lumpur
567,"Assistant Manager, Credit Administration (PJ City)",Jora Jobs,Petaling Jaya
568,Project Co-ordinator,EPS Malaysia,Selangor
569,Logistic Officer,TechSearch Pte Ltd,Kuala Lumpur
570,Sales Executive (Government Sales),Bank Simpanan Nasional,Alor Setar
571,Outlet Crew (The Mines Seri Kembangan),ALL IT Hypermarket Sdn Bhd,Kuala Lumpur
572,Customer Service Consultant,IRDECO F N B SDN. BHD.,Kuala Lumpur
573,Assistant Engineer - Production @ Shah Alam [REF:QY],Mamee-Double Decker (M) Sdn Bhd,Petaling Jaya
574,PLANNER,COSMO RESTAURANTS SDN BHD ( BURGER KING MALAYSIA),Subang Jaya
575,Executive - Proposal,RHB Banking Group,Penang
576,Technician,SCHOTT Glass (M) Sdn Bhd,Selangor
577,MEDICAL ASSISTANT,Business Media International Sdn. Bhd.,Kuala Lumpur
578,Clinic Assistant (Front Desk),Webnatics Sdn. Bhd.,Selangor
579,Sales & Marketing Executive,AVX Manufacturing (Malaysia) Sdn Bhd,Company Confidential
580,Purchasing Executive,Agensi Pekerjaan Randstad Sdn Bhd - Professional,Penang
581,Assistant Logistic,Kintetsu World Express (Malaysia) Sdn Bhd,Johor Bahru
582,IT Project Application Support (Contract),IJEON GROUP SDN BHD,Kuala Lumpur
583,Personal Assistant,Jora Jobs,Kuala Lumpur
584,Accounts Assistant,DXC Technology Malaysia Sdn Bhd.,Selangor
585,Japanese speaking Customer Relations Executive Cum Medical Service Staff,Sime Darby Holdings Berhad (Internal),Kuala Lumpur
586,Senior Maintenance Technician,KENT SOON PACKAGING SDN BHD (Kent Soon Recycle Center Sdn Bhd),Petaling Jaya
587,Human Resource Executive,PIF CAPITAL (M) SDN. BHD.,Pahang
588,Mold Maker (Mold Finishing),Juara Saji Sdn Bhd,Selangor
589,Swim Coach,Tesco Stores (Malaysia) Sdn Bhd,Selangor
590,Content Writer,Makefamous Creative Hub Sdn Bhd,Kuala Lumpur
591,[Welcome Fresh/Exp] Banking Customer Service I Up to RM5K l LRT - P10,Regal Elite Letrik Sdn Bhd,Petaling Jaya
592,Performance Tester,SF METAL SDN BHD,Selangor
593,DIGITAL MARKETING MANAGER,Daman Corporate Services Sdn. Bhd.,Selangor
594,Sales Executive,EAST ASIA PALM PRODUCTS SDN BHD,Singapore
595,Kindergarten Teacher,Infineon Technologies (Malaysia) Sdn Bhd,Kuala Lumpur
596,Electrical and Electronics Engineer (PJ),Basic Health & Beauty Sdn. Bhd.,Johor - Others
597,Senior Admin - Program Management/Customer Management,Jora Jobs,Shah Alam/Subang
598,Engineering Assistant/ Technician - Fixed Morning Shift (contract/ North),ESCATEC Electronics Sdn Bhd,Kajang/Bangi/Serdang
599,Insurance Specialist,Alliance Bank Malaysia Berhad,Bayan Lepas
600,Procurement Executives / Officers (Buyers),UWC Holdings Sdn Bhd,Shah Alam/Subang
601,"RESTAURANT SUPERVISOR, SERVICE SUPERVISOR",TTL SALES & RENTAL SDN BHD,Klang/Port Klang
602,"Executive, Research & Development",Western Digital,Shah Alam/Subang
603,RESTAURANT MANAGEMENT TEAM - ASSISTANT RESTAURANT MANAGER,OZ Marketing Sdn Bhd,Shah Alam/Subang
604,Paid Dealer's Representative - Miri Branch,Alliance Bank Malaysia Berhad,Bintulu
605,Compensation & Benefits Specialist,Robert Bosch (M) Sdn Bhd,North-East
606,Assistant Producer cum Journalist,EZT GROUP,Kuala Lumpur
607,Sales and Marketing Executives,CONTINENTAL HOPE MALAYSIA INDUSTRIAL DEVELOPMENT SDN. BHD.,Kuala Lumpur
608,Senior Digital Account Executive,THEVIKO INTERNATIONAL SDN BHD,Selangor
609,EHS ENGINEER ( with RPO certification),CUCKOO INTERNATIONAL (MAL) SDN. BHD.,Pekan
610,Retail Operations Manager (Food Retailer),dTb Creation Sdn Bhd,Kedah
611,ASSISTANT LOGISTICS WAREHOUSE MANAGER,Kloe Hotel Sdn Bhd,Kuala Lumpur
612,Internship for Media/Art Students,Jora Jobs,Kuala Lumpur
613,Customer Service Assistant,Jora Jobs,Kuala Lumpur
614,Hyper-V Expert,Doo Technology MY Sdn. Bhd,Selangor
615,"Executive, Marketing | 8286",RBC MALAYSIA,Perak
616,Production Operator,Kemikon Sdn. Bhd.,Penang
617,Assistant Manager - Lease Admin,ITA Asia Limited,Puchong
618,Digital Marketing Manager,Flows Ranger Sdn Bhd,Company Confidential
619,TUKANG MASAK,Agroscience Industry Sdn Bhd,Singapore
620,Retail Planning Executive,Tecsys Product Sdn Bhd,Kuala Lumpur
621,Online Marketing Assistant,Segi Astana Sdn. Bhd.,Kuala Lumpur
622,Project Engineer工程师 (Electrical),Yeahhost Sdn Bhd,Kuala Lumpur
623,Admin Coordinator (Subcontractor),Premier Clinic,Klang/Port Klang
624,Secretarial Executive / Senior Secretarial Executive,Torq-On Technologies (M) Sdn Bhd,Company Confidential
625,Microsoft Dynamic 365 Executive,Omniraise Sdn Bhd,Selangor
626,System Engineer - Production Data Warehouse,Jora Jobs,Kuala Lumpur
627,Accounts & HR Executive,MELILEA (M) SDN BHD,Petaling Jaya
628,Admin Executive,ASIA POLY INDUSTRIAL SDN. BHD.,Bayan Lepas
629,Supplier Quality Engineer,Taylor's University,North-East
630,Senior HR Executive (Training),S8 AUTO,Selangor
631,HR Executive,SKYLINK PACIFIC SOLUTIONS SDN. BHD.,Alor Setar
632,"Technologist, Data Analytics Engineering",INTI International University,Shah Alam/Subang
633,Senior Executive Group Strategy,Tomypak Flexible Packaging Sdn Bhd,Miri
634,Senior/Staff - IT Engineer (Test Department),Eadess Sdn Bhd,Perai
635,Leasing Administration Executive,INNOV8TIF SOLUTIONS SDN. BHD.,Selangor
636,Personal Assistant 私人助理,GRAB,Shah Alam/Subang
637,Data Entry Clerk,Jora Jobs,Bayan Lepas
638,Senior Digital Marketing Manager,Engtex Ductile Iron Pipe Industry Sdn Bhd,Kuala Lumpur
639,Security Manager,WORLD MARKETING GROUP PTE LTD,Shah Alam/Subang
640,Production Manufacturing,Stone Forest IT Pte Ltd,Selangor
641,Production Manufacturing,EMCO Executives Sdn Bhd,Selangor
642,Digital Marketing Specialist (Brand Building/Content Marketing),Rubber Leisure Products Sdn Bhd,Cyberjaya
643,Manager Shareholder Services (6 months Contract),COOPER CAPITAL SDN. BHD.,Johor
644,Senior Production Planner,Jora Jobs,Kajang/Bangi/Serdang
645,Client Services Executive,ROSENIDA AZLINA HAFIDZ & CO.,Selangor
646,ADMIN CLERK,HYUNDAI ENGINEERING MALAYSIA SDN BHD (MMCC),Kuala Lumpur
647,Office Administration Executive,GADANG WORKS SDN. BHD.,Cyberjaya
648,Account Executive cum Admin Executive,Capita Global Sdn Bhd,Kuala Lumpur
649,Leasing - Manager,Tan Ya Advisory,Kuala Lumpur
650,Business Administrator,LAUREATE SYSTEM SOLUTIONS SDN BHD,Johor Bahru
651,RECEPTIONIST,Electrolux Home Appliances S/B (Center of Excellence Asia Pacific (CoE APAC)),Penang - Others
652,"Sales Executive (Bandar Sri Damansara,KL)",Jora Jobs,Kuala Lumpur
653,Recruiter,Agensi Pekerjaan Reeracoen Malaysia Sdn Bhd,Kuching
654,ADMIN EXECUTIVE cum SECRETARY,GATTI (M) SDN. BHD.,Melaka
655,HR EXECUTIVE,Hikvision Singapore Pte Ltd,Kuala Lumpur
656,CHEMIST,Jora Jobs,Sabah
657,Executive - Campus Central,VSTECS BERHAD,Penang
658,Senior Draughtsman / Assistant Architect,ViVANGAS SDN. BHD.,Kuala Lumpur
659,Human Resources Internship,Sime Darby Industrial,Penang
660,"Treasury/Corporate Finance, Senior Executive",CTOS Data Systems Sdn Bhd,Kajang/Bangi/Serdang
661,O2C Specialist,同心堂中医诊所 Tong Xin Tang Healthcare International Sdn Bhd,Penang
662,Lecturer - Information Technology (Head of Program),Donaldson Filtration (Malaysia) Sdn. Bhd.,Kuala Lumpur
663,CUSTOMER SERVICE,FUTURE D SDN. BHD.,Kuala Lumpur
664,Sales Manager,Lim Huck Aik & Co.,Penang
665,Machine Operator,MCT Asia (Penang) Sdn Bhd,Kuala Lumpur
666,Retail Store Manager,BIS CHEMICALS SDN. BHD.,Kuala Lumpur
667,Marketing Intern,HENGYUAN REFINING COMPANY  BERHAD,Kuala Lumpur
668,Retail Sales Consultant,Teafe (M) Sdn Bhd,Kuala Lumpur
669,"Sales Lead, GrabFood (Negeri Sembilan)",RH Letrik Sdn. Bhd.,Kuala Lumpur
670,"ALL-FACULTY INTERNSHIP in Mid Valley, Kuala Lumpur",ESCATEC Electronics Sdn Bhd,Kuala Lumpur
671,Marketing Executive,Dytan Health On-line Sdn Bhd,Selangor
672,Project Management and Customer Service Executive,iCar Asia (Carlist.my),Selangor
673,Senior Systems Engineer - (SF00012-249),LODGING PARTNER TRAVEL SDN. BHD.,Kuala Lumpur
674,Inside Sales Specialist,LODGING PARTNER TRAVEL SDN. BHD.,Kuala Lumpur
675,Production Planner,Khai Lien Silk Screen Suppliers (M) Sdn Bhd,Penang
676,ACCOUNT EXECUTIVE,Jabil Sdn Bhd (Global Business Center),Labuan
677,Sales Admin Coordinator,Park Avenue Hospitality,Kuala Lumpur
678,CONVEYANCING CLERK,Bank Negara Malaysia,Kuala Lumpur
679,PTW Coordinator Commissioning (Urgent Hiring),Archtron Research & Development Sdn Bhd,Selangor
680,Sales and Marketing Executive,Greenpro Resources Group of Companies,Selangor
681,Associate Business Development,Shell Business Operations Kuala Lumpur,Penang
682,Internship for Accounting Students,Electrolux Home Appliances S/B (Center of Excellence Asia Pacific (CoE APAC)),Kuala Lumpur
683,Account Receivables-Assistant Manager,Toray Plastics (M) Sdn Bhd,Kuala Lumpur
684,新加坡(辅助)执法警员,Jora Jobs,Johor
685,CUSTOMER SERVICE (BASE IN PJ),QUBE APPS SOLUTIONS SDN. BHD.,Melaka
686,"Purchasing Executive (49033), Seri Kembangan,RM4K (CJ)",HTC Global Services MSC Sdn Bhd,Klang/Port Klang
687,SALES EXECUTIVE,dTb Creation Sdn Bhd,Selangor
688,Senior Business Development Executive,Godell Group of Company,Kuala Lumpur
689,Administration Intern,TNG Digital Sdn Bhd,Petaling Jaya
690,Inside Sales Assistant - Fresh Graduate / Junior (1 year contract),INITIA INTERNATIONAL SDN. BHD.,Company Confidential
691,Regional Sales and Service Engineer,RHB Banking Group,Ampang
692,Sales Representative - Sibu,Star Rolling Shutter Sdn. Bhd.,Kuala Lumpur
693,Accounts Assistant,Infineon Technologies (Malaysia) Sdn Bhd,Negeri Sembilan
694,Marketing Executive,CLL Systems Sdn Bhd,Selangor
695,Sr. Business Intelligence Analyst,Armstrong Auto Parts Sdn Bhd,Company Confidential
696,Corporate Sales Executive,Jora Jobs,Petaling Jaya
697,Admin Clerical,Senheng Electric (KL) Sdn Bhd,Johor Bahru
698,Assistant Warehouse Manager,RHB Banking Group,Subang Jaya
699,Internship for Finance Student 2021,WEI TAT FEEDMILL SDN. BHD.,Selangor
700,HUMAN RESOURCE SENIOR EXECUTIVE,Nirvana Asia Group,Negeri Sembilan
701,PROJECT ENGINEER,Malayan Food Venture,Kuala Lumpur
702,Quality Assurance Engineer,JTE Recruit Pte Ltd,Selangor
703,IT Executive,SWIFT INTEGRATED LOGISTICS SDN. BHD.,East
704,Customer Care Executive,Charles & Keith (Singapore) Pte Ltd,Singapore
705,Lodging Partner Associate I (Korean Language Support),Kah Motor Company Sdn Bhd,Melaka
706,Account And Admin Executive,RHB Banking Group,Kuala Lumpur
707,Programmer Analyst III,Global Staffing Solutions Pte Ltd,Selangor
708,Guest Relations Officer / Executive (Front Office),IRDECO F N B SDN. BHD.,Kuantan
709,"Executive, Data Centre Management Analyst | Infrastructure Technology Department",Lima Bintang Logistics Sdn Bhd,Melaka
710,Project Admin,ICF International Pte Ltd,Kajang/Bangi/Serdang
711,GENERAL MANAGER,JAC Recruitment Malaysia,Kuala Lumpur
712,Finance & Accounting Lead (Thai Language),Integrated Health Plans (Malaysia) Sdn Bhd,Kuala Lumpur
713,Accounts Payable-Assistant Manager,BEAUGATES CONCEPT SDN. BHD.,Kuala Lumpur
714,Junior Executive Marketing,SSR / SSSB / TCR,Selangor
715,HR Assistant Section Manager,GN ReSound (Malaysia) Sdn Bhd,Company Confidential
716,Operations / Office Manager,Master Materials. Contracting Sdn Bhd,Singapore
717,Sales Consultant,Seng Choon Hardware (M) Sdn Bhd,Selangor
718,Campaign Analyst,FERTITRADE (M) SDN. BHD.,Selangor
719,Project  Management Engineer ( LNG),Pantech Steel Industries Sdn Bhd,Myanmar
720,Project Manager,Agensi Pekerjaan Line Recruits Sdn. Bhd.,Selangor
721,Salon Supervisor,B2B Commerce (M) Sdn Bhd,Petaling Jaya
722,Futures Broker's Representative - RHB IB Teluk Intan Branch,Synergio Global Sdn Bhd,Kuala Lumpur
723,Sales & Marketing Assistant,Econframe Marketing Sdn Bhd,Sarawak
724,Senior Manager Resource Planning,TADIKA SUCI RIA (KEPONG),Kuala Lumpur
725,Network Security Engineer (Malaysian Only),Sem Matic Sdn Bhd,Cheras
726,Internship for Human Resource Management Students,Ambition Group Malaysia Sdn Bhd,Shah Alam/Subang
727,Field Service Technician,Elabram Systems Sdn Bhd,Cheras
728,Logistic Executive,Malaysian Institute of Accountants,George Town
729,"Executive, Demand and Supply Planner (LSCM)",LLH SOLUTIONS SDN BHD,Bayan Lepas
730,Futures Broker's Representative - RHB IB Taiping Branch,The Chartered Institute Of Management Accountants,Selangor
731,QC Lab Assistant,Citigroup Malaysia,Port Dickson
732,Secretary,Citigroup Malaysia,Kuala Lumpur
733,SALES REPRESENTATIVE,Citigroup Malaysia,Selangor
734,Warehouse / Customer Service Admin (UP $2.4K / West / Ofc Hr / 1Yr Exp / AWS),Citigroup Malaysia,Penang
735,Marketing Executive,Citigroup Malaysia,Kuala Lumpur
736,LOGISTICS ASSISTANT,Citigroup Malaysia,Kuala Lumpur
737,Video Editor (短视频剪辑师),Ideals Recruitment Pte Ltd,Kuala Lumpur
738,Personal Assistant,Singapore International School of Bangkok,Kuala Lumpur
739,"Sales Consultant/Assistant Sales Manager, PF (Setia City Mall Sales Centre)",FRD PERFORMANCE MOTORSPORT (M) SDN BHD,Selangor
740,Sheetmetal Technician | Aircraft Maintenance | Aviation | Yearly Contract,Neolife International Sdn Bhd,Penang
741,COMPLIANCE OFFICER,Hartamas Real Estate Sdn Bhd,Kuala Lumpur
742,Production Manager,G & W Building Materials Sdn Bhd,Puchong
743,SALES ADMIN (REF: YY),INNOV8TIF SOLUTIONS SDN. BHD.,Kuala Lumpur
744,Customer Service Officer (GL Team),LIFESTYLE DOMAIN SDN. BHD.,Selangor
745,Sales Executive,Taylor's University,Selangor
746,EKSEKUTIF SUMBER MANUSIA,Iconic Lab Sdn. Bhd.,Klang/Port Klang
747,Order Management Coordinator (Customer Service ),MA HUP SENG ENGINEERING SDN BHD,Penang
748,Sales & Marketing Executive,Global Power Services Sdn Bhd,Selangor
749,Indoor Sales Coordinator,PipBox Events Sdn Bhd,Kuala Lumpur
750,MARKETING EXECUTIVE,Keysight Technologies Malaysia Sdn. Bhd.,Kuala Lumpur
751,ACCOUNT EXECUTIVE,Knight Frank Malaysia Sdn Bhd,Kuala Lumpur
752,Marketing Manager,FRD PERFORMANCE MOTORSPORT (M) SDN BHD,Selangor
753,PRODUCTION PLANNER,Infineon Technologies (Malaysia) Sdn Bhd,Kuala Lumpur
754,Business Manager (Digital Supply Chain & Managed Data Services),Ink Marketing Sdn Bhd,Central
755,Sustainability Analyst,MSTS ASIA Sdn Bhd,Teluk Intan
756,Production Admin,PALAQUIN (M) SDN BHD,Selangor
757,Kindergarten Teacher 幼教班老师,27 MARKETING SDN. BHD.,Melaka
758,Procurement Executive,Esmo Asia Pte Ltd,Petaling Jaya
759,Senior Platform Engineer,Citigroup Malaysia,Melaka
760,ACCOUNTANT,TNG Digital Sdn Bhd,Labuan
761,IT Recruiter,MCM Petcare (M) Sdn Bhd,Klang/Port Klang
762,EXECUTIVE - MEMBERSHIP,Web Multisoft International Sdn Bhd,Selangor
763,Human Resource Officer,Linkk Busway Systems (M) Sdn Bhd,Taiping
764,Senior Specialist - Corporate Accounting (6 months FTC),WM ENGINEERING CONSTRUCTION SDN. BHD.,Klang/Port Klang
765,MYS Citibank Berhad - Collections Officer - (20240427),Jora Jobs,Kuala Lumpur
766,MYS Citibank Berhad - Collections Officer - (20239226),Jora Jobs,Butterworth
767,MYS Citibank Berhad - Collections Officer - (20240430),MATRIX TALENT HUMAN RESOURCES SDN. BHD.,Kuala Lumpur
768,Quality Engineer (Precision / 5D / Serangoon North / Up to $3.5k / SPC / FMEA),Brownland,George Town
769,Teachers,MOL ACCESSPORTAL SDN. BHD,Shah Alam/Subang
770,Human Resource Manager,Realtek Singapore Private Limited,Central
771,Digital Marketing (B2B),GREEN-i MULTIMEDIA,Alor Setar
772,Warehouse Manager (Penang),Ideal Quality Sdn Bhd,Johor - Others
773,Multimedia Executive,MHL Industries (Malaysia) Sdn Bhd,East
774,Operation Executive (Precast - QS),Agromaster Fertilizer Sdn Bhd,Kuala Lumpur
775,Software Engineering Intern,WOWSHOP SDN BHD,Petaling Jaya
776,Security Guard,Digi Telecommunications Sdn. Bhd.,Puchong
777,Executive - Business Planning,A&T BUSINESS SOLUTION SERVICES,Kuala Lumpur
778,Sales Consultant,WOWSHOP SDN BHD,Johor Bahru
779,Sales cum Technical Assistant,IDS Medical Systems (M) Sdn Bhd,Shah Alam/Subang
780,Social Media and Content Executive (Mandarin Speaking),MIRS Innovate Pte Ltd,Selangor
781,Sales Incentive Compensation Analyst (Contract),Agromaster Fertilizer Sdn Bhd,Johor Bahru
782,Assistant Marketing Manager (Melaka),Kaisar Maxim Sdn Bhd,Klang/Port Klang
783,Risk Manager,Credit Bureau Malaysia Sdn Bhd,Selangor
784,Senior Manager - Procurement Regional Logistics,Siang Pharmacy Sdn Bhd,Petaling Jaya
785,Account & Admin Assistant,Jora Jobs,Kuala Lumpur
786,Digital Sales & Commercial Transformation Specialist (DSCTS),Sunway Berhad,Klang/Port Klang
787,Business Development Executive,Agensi Pekerjaan GMRecruitment Sdn Bhd,Kuala Lumpur
788,Graphic Designer,Malaysia Expatriate Services Centre Sdn Bhd,Johor
789,Maintenance Supervisor,Press Metal Bintulu Sdn Bhd,Kuala Lumpur
790,Field Application and Service Engineer,University of Reading Malaysia (JB),Company Confidential
791,MYS Citibank Berhad - Collections Officer - (20240429),Alliance Bank Malaysia Berhad,Selangor
792,"Assistant Manager, Finance",Scania (Malaysia) Sdn Bhd,Kajang/Bangi/Serdang
793,ADMIN EXECUTIVE CUM PERSONAL ASSISTANT TO MD,Evolve Realty Sdn Bhd,Kuala Lumpur
794,Accounting Executive- Kuala Lumpur,Davex (Malaysia) Sdn Bhd,Butterworth
795,Logistic Assistant - 5-Day Work Week in Beranang,Gross Synergy Sdn Bhd,Selangor
796,Admin Clerk,Ant Internet Sdn Bhd,Kuala Lumpur
797,Maintenance Technician,Aubella (MM2H) Sdn Bhd,Kuala Lumpur
798,CHEF,Jora Jobs,Kuala Lumpur
799,Business Development Executive,Robert Bosch Power Tools Sdn Bhd,Kuala Lumpur
800,Admin Clerk,MYM Technology (M) Sdn Bhd,Kuala Lumpur
801,MANAGEMENT TRAINEE,Unifrozen Sdn Bhd,Kuala Lumpur
802,MANAGEMENT TRAINEE,Unifrozen Sdn Bhd,Selangor
803,Administrator HR Data Management,Lea Hin Company (Pte) Ltd,Kuala Lumpur
804,Administrator HR Data Management,Lea Hin Company (Pte) Ltd,Melaka
805,Admin Clerk,Wonderfly Holdings Sdn Bhd,Kuala Lumpur
806,Admin Clerk,Wonderfly Holdings Sdn Bhd,Penang - Others
807,Warehouse Planner cum Logistics Executive,GPGC Resources  Sdn Bhd,Melaka
808,Warehouse Planner cum Logistics Executive,GPGC Resources  Sdn Bhd,Johor
809,eCommerce Business Development Executive,Niro Ceramic (M) Sdn Bhd,Johor Bahru
810,eCommerce Business Development Executive,Niro Ceramic (M) Sdn Bhd,Petaling Jaya
811,Supply Chain Assistant (6 months contract),Cytopeutics Sdn Bhd,Johor Bahru
812,Supply Chain Assistant (6 months contract),Cytopeutics Sdn Bhd,Kota Tinggi
813,Supply Chain Assistant (6 months contract),Cytopeutics Sdn Bhd,Pontian
814,Electrical Site Supervisor,TELE-PAPER (M) SDN BHD,Downtown Core
815,Electrical Site Supervisor,TELE-PAPER (M) SDN BHD,Central
816,Quality Assurance & Control Manager / Asst QC Manager,AVNET ASIA PTE LTD,Others
817,Quality Assurance & Control Manager / Asst QC Manager,AVNET ASIA PTE LTD,Singapore
818,Executive Credit Administration (PJ City),QR Management Sdn Bhd,Kedah
819,Executive Credit Administration (PJ City),QR Management Sdn Bhd,Penang
820,Executive Credit Administration (PJ City),QR Management Sdn Bhd,Selangor
821,Warehouse Supervisor,China Communications Construction (ECRL) Sdn. Bhd.,Kuala Lumpur
822,Warehouse Supervisor,China Communications Construction (ECRL) Sdn. Bhd.,Selangor
823,Hotel Chief Engineer,Corporate Builders Sdn Bhd,Jakarta Utara
824,Hotel Chief Engineer,Corporate Builders Sdn Bhd,Jakarta Raya
825,Sales Executive,Caspian Digital Solutions,Klang/Port Klang
826,Sales Executive,Caspian Digital Solutions,Puchong
827,Technician Electronic (Puchong),SYARIKAT PERUSAHAAN JOOI BERSAUDARA SDN. BHD.,Johor Bahru
828,Technician Electronic (Puchong),SYARIKAT PERUSAHAAN JOOI BERSAUDARA SDN. BHD.,Kuantan
829,Asst.Manager Service cum Applications,Smart Decor Pte Ltd,Johor Bahru
830,Asst.Manager Service cum Applications,Smart Decor Pte Ltd,Melaka
831,Sales & Marketing Executive,Huama International Sdn Bhd,Kuala Lumpur
832,Sales & Marketing Executive,Huama International Sdn Bhd,Selangor
833,Admin Executive,Jora Jobs,Kuala Lumpur
834,Admin Executive,Jora Jobs,Selangor
835,Digital Marketer,INNOV8TIF SOLUTIONS SDN. BHD.,Bayan Lepas
836,Digital Marketer,INNOV8TIF SOLUTIONS SDN. BHD.,Petaling Jaya
837,Internship for Business Studies/Administration Students,Oglaend Industries Sdn Bhd,Puchong
838,Internship for Business Studies/Administration Students,Oglaend Industries Sdn Bhd,Kajang/Bangi/Serdang
839,Engineering Internship,TNG Digital Sdn Bhd,Kuala Lumpur
840,Engineering Internship,TNG Digital Sdn Bhd,Selangor
841,Revenue and Cost Accountant,JA Solar Malaysia Sdn Bhd,Puchong
842,Revenue and Cost Accountant,JA Solar Malaysia Sdn Bhd,Kajang/Bangi/Serdang
843,Customer Experience Analyst (CXA),UNISEM GROUP,Others
844,Customer Experience Analyst (CXA),UNISEM GROUP,East
845,Project Lead Engineer,MatchBox Exchange Pte. Ltd,Johor
846,Project Lead Engineer,MatchBox Exchange Pte. Ltd,Kedah
847,Project Lead Engineer,MatchBox Exchange Pte. Ltd,Kuala Lumpur
848,Project Lead Engineer,MatchBox Exchange Pte. Ltd,Kelantan
849,Project Lead Engineer,MatchBox Exchange Pte. Ltd,Melaka
850,Project Lead Engineer,MatchBox Exchange Pte. Ltd,Negeri Sembilan
851,Project Lead Engineer,MatchBox Exchange Pte. Ltd,Penang
852,Project Lead Engineer,MatchBox Exchange Pte. Ltd,Pahang
853,Project Lead Engineer,MatchBox Exchange Pte. Ltd,Perak
854,Project Lead Engineer,MatchBox Exchange Pte. Ltd,Perlis
855,Project Lead Engineer,MatchBox Exchange Pte. Ltd,Sabah
856,Project Lead Engineer,MatchBox Exchange Pte. Ltd,Selangor
857,Project Lead Engineer,MatchBox Exchange Pte. Ltd,Sarawak
858,Project Lead Engineer,MatchBox Exchange Pte. Ltd,Terengganu
859,Project Lead Engineer,MatchBox Exchange Pte. Ltd,Labuan
860,Project Lead Engineer,MatchBox Exchange Pte. Ltd,Putrajaya
861,HR Analyst ( 6 months contract/ shared service),NOLEK SDN BHD,Cheras
862,HR Analyst ( 6 months contract/ shared service),NOLEK SDN BHD,Kajang/Bangi/Serdang
863,ACCOUNTS & ADMIN OFFICER,AGILE REAL ESTATE DEVELOPMENT (M) SDN. BHD.,Johor
864,ACCOUNTS & ADMIN OFFICER,AGILE REAL ESTATE DEVELOPMENT (M) SDN. BHD.,Kuala Lumpur
865,ACCOUNTS & ADMIN OFFICER,AGILE REAL ESTATE DEVELOPMENT (M) SDN. BHD.,Melaka
866,ACCOUNTS & ADMIN OFFICER,AGILE REAL ESTATE DEVELOPMENT (M) SDN. BHD.,Sabah
867,ACCOUNTS & ADMIN OFFICER,AGILE REAL ESTATE DEVELOPMENT (M) SDN. BHD.,Sarawak
868,SOC Engineer    SOC Analyst,Machines Sdn Bhd,Shah Alam/Subang
869,SOC Engineer    SOC Analyst,Machines Sdn Bhd,Perak
870,"GENERAL MANAGER, FINANCE (Based at Nilai)",GAMUDA LAND SDN BHD,Yishun
871,"GENERAL MANAGER, FINANCE (Based at Nilai)",GAMUDA LAND SDN BHD,North
872,"GENERAL MANAGER, FINANCE (Based at Nilai)",GAMUDA LAND SDN BHD,Tampines
873,"GENERAL MANAGER, FINANCE (Based at Nilai)",GAMUDA LAND SDN BHD,East
874,Remote Desktop Support Engineer,Inter Great (M) Sdn Bhd,Queenstown
875,Remote Desktop Support Engineer,Inter Great (M) Sdn Bhd,Central
876,TECHNICAL MANAGER,Pahang Pharmacy Sdn Bhd,Kuala Lumpur
877,TECHNICAL MANAGER,Pahang Pharmacy Sdn Bhd,Kota Kinabalu
878,Marketing Executive,DKSH Malaysia Sdn Bhd,Newton
879,Marketing Executive,DKSH Malaysia Sdn Bhd,Central
880,Personal Assistant,Roland Manufacturing Malaysia Sdn Bhd,Kuala Lumpur
881,Personal Assistant,Roland Manufacturing Malaysia Sdn Bhd,Selangor
882,Bridge Design Engineer,SIHI Pumps (Malaysia) Sdn Bhd,Selangor
883,Bridge Design Engineer,SIHI Pumps (Malaysia) Sdn Bhd,Kuala Lumpur
884,Lifeguard,Pengerang Terminals (Two) Sdn Bhd,Puchong
885,Lifeguard,Pengerang Terminals (Two) Sdn Bhd,Subang Jaya
886,Lifeguard,Pengerang Terminals (Two) Sdn Bhd,Petaling Jaya
887,SENIOR CHEMIST,Jora Jobs,Kuala Lumpur
888,SENIOR CHEMIST,Jora Jobs,Butterworth
889,Telesales 电话销售-销售 - Basic+5 DIGITS Commission - SPM Fresh welcome-P6,[BEST INC.]MAY EXPRESS LOGISTICS SDN. BHD.,Kuala Lumpur
890,Telesales 电话销售-销售 - Basic+5 DIGITS Commission - SPM Fresh welcome-P6,[BEST INC.]MAY EXPRESS LOGISTICS SDN. BHD.,Selangor
891,ECOMMERECE DIGITAL MARKETING,IOI Properties Group Berhad (Property Development),Kuala Lumpur
892,ECOMMERECE DIGITAL MARKETING,IOI Properties Group Berhad (Property Development),Selangor
893,General Clerk,Appvalley Technology Sdn Bhd,Queenstown
894,General Clerk,Appvalley Technology Sdn Bhd,Central
895,"Assistant Manager, Internal Audit",BIO LIFE NEUTRACEUTICALS SDN. BHD.,Johor
896,"Assistant Manager, Internal Audit",BIO LIFE NEUTRACEUTICALS SDN. BHD.,Selangor
897,Service Technician,HENGYUAN REFINING COMPANY  BERHAD,Kuala Lumpur
898,Service Technician,HENGYUAN REFINING COMPANY  BERHAD,Sarawak
899,TECHNICAL CLERK,Celcom Axiata Berhad,Johor Bahru
900,TECHNICAL CLERK,Celcom Axiata Berhad,Penang
901,Tax Associate,Hong Leong Bank Berhad,Kuala Lumpur
902,Tax Associate,Hong Leong Bank Berhad,Kelantan
903,Tax Associate,Hong Leong Bank Berhad,Klang/Port Klang
904,Tax Associate,Hong Leong Bank Berhad,Shah Alam/Subang
905,eMail Content Marketing Specialist,Elabram Systems Sdn Bhd,Nilai
906,eMail Content Marketing Specialist,Elabram Systems Sdn Bhd,Selangor
907,Sales Management Trainee,ASK Resources,Johor
908,Sales Management Trainee,ASK Resources,Kedah
909,Sales Management Trainee,ASK Resources,Kuala Lumpur
910,Sales Management Trainee,ASK Resources,Melaka
911,Sales Management Trainee,ASK Resources,Penang
912,Sales Management Trainee,ASK Resources,Sabah
913,Sales Management Trainee,ASK Resources,Terengganu
914,Sales Management Trainee,ASK Resources,Labuan
915,Human Resource Junior Executive,Rocketsview Management Sdn Bhd,Perai
916,Human Resource Junior Executive,Rocketsview Management Sdn Bhd,Selangor
917,External Audit Executive (Short term contract),ADVANCED ASSEMBLY MATERIALS (M) SDN. BHD.,Kuantan
918,External Audit Executive (Short term contract),ADVANCED ASSEMBLY MATERIALS (M) SDN. BHD.,Shah Alam/Subang
919,Management Trainee,Trisystems Engineering Sdn Bhd,Sungei Kadut
920,Management Trainee,Trisystems Engineering Sdn Bhd,Singapore
921,Medical Representative,TONIK ASIA GROUP SDN BHD,Others
922,Medical Representative,TONIK ASIA GROUP SDN BHD,Singapore
923,"EXECUTIVE, MEMBER SERVICES",Plexus Manufacturing Sdn Bhd,Kuala Lumpur
924,"EXECUTIVE, MEMBER SERVICES",Plexus Manufacturing Sdn Bhd,Selangor
925,Technician - Fixed night shift (no exp req),Public Bank Berhad,Johor
926,Technician - Fixed night shift (no exp req),Public Bank Berhad,Kuala Lumpur
927,Technician - Fixed night shift (no exp req),Public Bank Berhad,Kelantan
928,Technician - Fixed night shift (no exp req),Public Bank Berhad,Melaka
929,Technician - Fixed night shift (no exp req),Public Bank Berhad,Penang
930,Technician - Fixed night shift (no exp req),Public Bank Berhad,Pahang
931,Technician - Fixed night shift (no exp req),Public Bank Berhad,Perak
932,Technician - Fixed night shift (no exp req),Public Bank Berhad,Selangor
933,Technician - Fixed night shift (no exp req),Public Bank Berhad,Sarawak
934,Technician - Fixed night shift (no exp req),Public Bank Berhad,Terengganu
935,"Executive,Planning",WCT Malls Management Sdn. Bhd.,Queenstown
936,"Executive,Planning",WCT Malls Management Sdn. Bhd.,Central
937,"Senior Executive, Group Digital Marketing (Social Media)",RED ARCHITECT & ENGINEER SDN. BHD.,Johor
938,"Senior Executive, Group Digital Marketing (Social Media)",RED ARCHITECT & ENGINEER SDN. BHD.,Kedah
939,"Senior Executive, Group Digital Marketing (Social Media)",RED ARCHITECT & ENGINEER SDN. BHD.,Kuala Lumpur
940,"Senior Executive, Group Digital Marketing (Social Media)",RED ARCHITECT & ENGINEER SDN. BHD.,Melaka
941,"Senior Executive, Group Digital Marketing (Social Media)",RED ARCHITECT & ENGINEER SDN. BHD.,Negeri Sembilan
942,"Senior Executive, Group Digital Marketing (Social Media)",RED ARCHITECT & ENGINEER SDN. BHD.,Penang
943,"Senior Executive, Group Digital Marketing (Social Media)",RED ARCHITECT & ENGINEER SDN. BHD.,Perak
944,"Senior Executive, Group Digital Marketing (Social Media)",RED ARCHITECT & ENGINEER SDN. BHD.,Selangor
945,Sales Executives,Jora Jobs,Johor
946,Sales Executives,Jora Jobs,Kuala Lumpur
947,Sales Executives,Jora Jobs,Negeri Sembilan
948,Sales Executives,Jora Jobs,Selangor
949,Sales & Marketing Manager (Based in KL),ABITEX DESIGNS (M) SDN BHD,Johor
950,Sales & Marketing Manager (Based in KL),ABITEX DESIGNS (M) SDN BHD,Kedah
951,Sales & Marketing Manager (Based in KL),ABITEX DESIGNS (M) SDN BHD,Kuala Lumpur
952,Sales & Marketing Manager (Based in KL),ABITEX DESIGNS (M) SDN BHD,Kelantan
953,Sales & Marketing Manager (Based in KL),ABITEX DESIGNS (M) SDN BHD,Melaka
954,Sales & Marketing Manager (Based in KL),ABITEX DESIGNS (M) SDN BHD,Negeri Sembilan
955,Sales & Marketing Manager (Based in KL),ABITEX DESIGNS (M) SDN BHD,Penang
956,Sales & Marketing Manager (Based in KL),ABITEX DESIGNS (M) SDN BHD,Pahang
957,Sales & Marketing Manager (Based in KL),ABITEX DESIGNS (M) SDN BHD,Perak
958,Sales & Marketing Manager (Based in KL),ABITEX DESIGNS (M) SDN BHD,Perlis
959,Sales & Marketing Manager (Based in KL),ABITEX DESIGNS (M) SDN BHD,Sabah
960,Sales & Marketing Manager (Based in KL),ABITEX DESIGNS (M) SDN BHD,Selangor
961,Sales & Marketing Manager (Based in KL),ABITEX DESIGNS (M) SDN BHD,Sarawak
962,Sales & Marketing Manager (Based in KL),ABITEX DESIGNS (M) SDN BHD,Terengganu
963,Programmer,Kossan Rubber Industries Berhad,Kuala Lumpur
964,Programmer,Kossan Rubber Industries Berhad,Selangor
965,Inside Technical Sales Specialist,Bridgestone Tyre Sales (M) Sdn Bhd,Penang
966,Inside Technical Sales Specialist,Bridgestone Tyre Sales (M) Sdn Bhd,Petaling Jaya
967,Lodging Partner Associate I (Korean Language Support),REN HR CONSULTING SDN BHD,Kuala Lumpur
968,Lodging Partner Associate I (Korean Language Support),REN HR CONSULTING SDN BHD,Selangor
969,Multimedia Designer cum Animation 多媒体动画设计师,JB GIFT & SOUVENIR (M) SDN BHD,Selangor
970,Multimedia Designer cum Animation 多媒体动画设计师,JB GIFT & SOUVENIR (M) SDN BHD,Kuala Lumpur
971,HOSTESS,FRD PERFORMANCE MOTORSPORT (M) SDN BHD,Changi
972,HOSTESS,FRD PERFORMANCE MOTORSPORT (M) SDN BHD,East
973,HOSTESS,FRD PERFORMANCE MOTORSPORT (M) SDN BHD,Clementi
974,HOSTESS,FRD PERFORMANCE MOTORSPORT (M) SDN BHD,West
975,HOSTESS,FRD PERFORMANCE MOTORSPORT (M) SDN BHD,Others
976,HOSTESS,FRD PERFORMANCE MOTORSPORT (M) SDN BHD,Central
977,MYS Citibank Berhad - Collections Officer - (20240432),GRAND PACIFIC F&B SDN. BHD.,Kedah
978,MYS Citibank Berhad - Collections Officer - (20240432),GRAND PACIFIC F&B SDN. BHD.,Kuala Lumpur
979,MYS Citibank Berhad - Collections Officer - (20240432),GRAND PACIFIC F&B SDN. BHD.,Penang
980,MYS Citibank Berhad - Collections Officer - (20240432),GRAND PACIFIC F&B SDN. BHD.,Perak
981,MYS Citibank Berhad - Collections Officer - (20240428),UNITAR International University,West
982,MYS Citibank Berhad - Collections Officer - (20240428),UNITAR International University,Singapore
983,MYS Citibank Berhad - Collections Officer - (20240433),Phitomas Sdn Bhd,Paya Lebar
984,MYS Citibank Berhad - Collections Officer - (20240433),Phitomas Sdn Bhd,East
985,Store Assistant,9 HEALTH SDN BHD,Selangor
986,Store Assistant,9 HEALTH SDN BHD,Kuala Lumpur
